#,ID de publicación,Título,Fotos
1,MLM3427188743,Gabinete Para Sirena 15w Lince10,https://iaworldcenter-creator.github.io/pc-custom-lab/img/ACCMVA1100.jpg
2,MLM3427189271,"Gabinete Evotec Bassu, Compatibilidad: Mini Atx; Conectores:",https://iaworldcenter-creator.github.io/pc-custom-lab/img/GABEVO420.jpg
3,MLM3427189441,"Gabinete Gamer Xpg Invader, Media Torre. Puertos De E/s Vers",https://iaworldcenter-creator.github.io/pc-custom-lab/img/GABDAT030.jpg
4,MLM3427189537,"Gabinete Smartrack De 6u Marca: Tripp-lite, Srwf6u De Bajo P",https://iaworldcenter-creator.github.io/pc-custom-lab/img/ACCTRL3170.jpg
5,MLM3427189683,"Gabinete Thermaltake Core P3 Tg Pro Snow(ca-1g4-00m6wn-09),",https://iaworldcenter-creator.github.io/pc-custom-lab/img/GABTMK2440.jpg
6,MLM3427189687,"Gabinete Thermaltake Core P6 Tg Snow(ca-1v2-00m6wn-00), Colo",https://iaworldcenter-creator.github.io/pc-custom-lab/img/GABTMK2330.jpg
7,MLM3427189839,"102254 Estación De Carga Con 6 Puertos Usb, Seis Puertos Usb",https://iaworldcenter-creator.github.io/pc-custom-lab/img/GABITL750.jpg
8,MLM3427189941,"Gabinete Mural Abatible 19 ,12u Flatpack (713863) Gabinete M",https://iaworldcenter-creator.github.io/pc-custom-lab/img/RCKACC2470.jpg
9,MLM3427190065,Gabinete Para Sirena 30w Lince11,https://iaworldcenter-creator.github.io/pc-custom-lab/img/ACCMVA1110.jpg
10,MLM3427190315,Gabinete Gamer Xpg Battlecruiser Ii. Media Torre. Compatible,https://iaworldcenter-creator.github.io/pc-custom-lab/img/GABDAT410.jpg
11,MLM3427201369,"Gabinete Gamer Xpg Batlecrusier, Media Torre. De Metal Con P",https://iaworldcenter-creator.github.io/pc-custom-lab/img/GABDAT020.jpg
12,MLM3427201647,Gabinete Xzeal Panzer Ii Cubo M-atx/itx Xzgamc2w 2xusb1.0 +,https://iaworldcenter-creator.github.io/pc-custom-lab/img/GABSTY370.jpg
13,MLM3427201729,180917 Carrito De Carga Con 10 Contactos De Corriente Altern,https://iaworldcenter-creator.github.io/pc-custom-lab/img/GABITL730.jpg
14,MLM3427201761,"Gabinete De Seguridad, Lámina Galvanizada, Para 2 Baterías Y",https://iaworldcenter-creator.github.io/pc-custom-lab/img/ACCEPC170.jpg
15,MLM3427201943,Gabinete Gamer Xpg Invader X. Media Torre. Compatible Con Pl,https://iaworldcenter-creator.github.io/pc-custom-lab/img/GABDAT440.jpg
16,MLM3427201955,Gabinete Y Banco De Baterías P/up Team Ha 3000-12 Vcd/12ahx4,https://iaworldcenter-creator.github.io/pc-custom-lab/img/BATVIC010.jpg
17,MLM3427201959,"Gabinete De 19  Para Montaje En Pared  Mural , 6 U (810315),",https://iaworldcenter-creator.github.io/pc-custom-lab/img/ACCRBT6190.jpg
18,MLM3427202081,Gabinete Mural 19° 6u (711715) Ideal Para Aplicaciones De Mo,https://iaworldcenter-creator.github.io/pc-custom-lab/img/GABITL680.jpg
19,MLM3427202555,"Gabinete Mural Abatible 19 ,9u (711845) Gabinete Mural Abati",https://iaworldcenter-creator.github.io/pc-custom-lab/img/RCKACC2360.jpg
20,MLM3427202833,Gabinete De Pared De 6u Linkedpro Modelo Sr-1906-lh3g Puerta,https://iaworldcenter-creator.github.io/pc-custom-lab/img/GABLKP060.jpg
21,MLM3427202847,Gabinete Gamer Xzeal Xz110-1 Xzcgb12b. Puerto Para Tarjeta M,https://iaworldcenter-creator.github.io/pc-custom-lab/img/GABSTY140.jpg
22,MLM3427202887,"Gabinete De Disco Duro Getttech 2.5  Usb 3.1, Gce-m231-01, E",https://iaworldcenter-creator.github.io/pc-custom-lab/img/GABGET160.jpg
23,MLM3427202995,"Gabinete Evotec Bardi, Compatibilidad: Atx; Conectores: 2 Us",https://iaworldcenter-creator.github.io/pc-custom-lab/img/GABEVO430.jpg
24,MLM3427203179,Gabinete Para Cableado Estructurado Smartrack De 3u De Bajo,https://iaworldcenter-creator.github.io/pc-custom-lab/img/ACCTRL5450.jpg
25,MLM3427203207,Gabinete De Piso. Marca North System. Opt004-bkt. Gabinete O,https://iaworldcenter-creator.github.io/pc-custom-lab/img/GABNSY010.jpg
26,MLM3427203293,"Gabinete Mural De 19 ,15u, Flatpack 600m (713887) Gabinete M",https://iaworldcenter-creator.github.io/pc-custom-lab/img/RCKACC2480.jpg
27,MLM6137653352,"Gabinete Game Factor Csg-300 Atx, Usb 3.0, 1 Vent 120mm, Cri",https://iaworldcenter-creator.github.io/pc-custom-lab/img/GABVGO190.jpg
28,MLM6137653762,"Gabinete Gaming Atx, Yeyian Yga-68809 Armageddon 2200, 2 Pue",https://iaworldcenter-creator.github.io/pc-custom-lab/img/GABYEY120.jpg
29,MLM6137653902,Gabinete Gamer Mini Torre Carbono Crystal 4000c Legend Serie,https://iaworldcenter-creator.github.io/pc-custom-lab/img/GABBLR740.jpg
30,MLM6137653904,"Gabinete Thermaltake S200 Tg Argb Snow(ca-1x2-00m6wn-00), Co",https://iaworldcenter-creator.github.io/pc-custom-lab/img/GABTMK2400.jpg
31,MLM6137654152,Gabinete Micro Atx-mini Atx- Mini Itx. Acteck Roma Fuente De,https://iaworldcenter-creator.github.io/pc-custom-lab/img/GABACT110.jpg
32,MLM6137654424,Gabinete Para Baterías Bca200n250a Para Extensión De Tiempo,https://iaworldcenter-creator.github.io/pc-custom-lab/img/ACCCYP570.jpg
33,MLM6137654454,102353 Carro De Carga Con 32 Puertos Usb-c - 576 W: 32 Puert,https://iaworldcenter-creator.github.io/pc-custom-lab/img/GABITL790.jpg
34,MLM6137654660,"Gabinete Evotec Viena Slim, Compartimiento: 1 Bahia Hdd 3.5 ",https://iaworldcenter-creator.github.io/pc-custom-lab/img/GABEVO360.jpg
35,MLM6137654676,Gabinete Premium Profundo Smartrack De 42u Con Puertas Y Pan,https://iaworldcenter-creator.github.io/pc-custom-lab/img/ACCTRL800.jpg
36,MLM6137654698,"Gabinete Coolermaster Haf 500 (h500-wgnn-s00), Media Torre,",https://iaworldcenter-creator.github.io/pc-custom-lab/img/GABCLR750.jpg
37,MLM6137654768,Gabinete Micro Atx Acteck Gc240 Kioto Essential Series Facto,https://iaworldcenter-creator.github.io/pc-custom-lab/img/GABACT140.jpg
38,MLM6137654840,Gabinete Pequeño Smartrack Srw12uhd Para Instalación En La P,https://iaworldcenter-creator.github.io/pc-custom-lab/img/RCKTRL060.jpg
39,MLM3427188967,Monitor Marca Acer Modelo Eb321hq Abi No. Parte Um.je1aa.a01,https://iaworldcenter-creator.github.io/pc-custom-lab/img/MONACR1680.jpg
40,MLM3427189023,Monitor Benq Gw2490e 9h.lmelj.lbe De Benq Es Un Monitor De 2,https://iaworldcenter-creator.github.io/pc-custom-lab/img/MONBNQ1690.jpg
41,MLM3427189025,"Monitor Acer Modelo Xz340cur X0bmiiphx, Numero De Parte Um.c",https://iaworldcenter-creator.github.io/pc-custom-lab/img/MONACR1810.jpg
42,MLM3427189105,Monitor Marca LG Smart Monitor LG Myview De 27 Pulgadas Full,https://iaworldcenter-creator.github.io/pc-custom-lab/img/MONLGE3560.jpg
43,MLM3427189259,Monitor Negro Necnon Modelo Nmo-22f7 21.5  Hd 1920x1080 Full,https://iaworldcenter-creator.github.io/pc-custom-lab/img/MONNNN010.jpg
44,MLM3427189261,Decodificador De Video Provision Isr Dec-0104n(1u) 4 Salidas,https://iaworldcenter-creator.github.io/pc-custom-lab/img/ACCPVS900.jpg
45,MLM3427189375,"Monitor Gaming Gigabyte Gs32qca Tamaño (pulgadas) 31,5  Va 1",https://iaworldcenter-creator.github.io/pc-custom-lab/img/MONGIG340.jpg
46,MLM3427189891,Monitor Lanix Lx215 16577. 21.5 . Full Hd. Mejore Su Visión,https://iaworldcenter-creator.github.io/pc-custom-lab/img/MONLNX200.jpg
47,MLM3427201599,Monitor 18.5 Stylos Stpmot1b. Display Led De 18.5 Pulgadas P,https://iaworldcenter-creator.github.io/pc-custom-lab/img/MONSTY020.jpg
48,MLM3427202213,55027618 Huawei Watch Kids 4 Pro Pink: Pantalla: 1.41  Amole,https://iaworldcenter-creator.github.io/pc-custom-lab/img/ACCHUW560.jpg
49,MLM3427202511,"Monitor Thinkvision T24v-30, 63d8mar3la, Pantalla Ips Fhd De",https://iaworldcenter-creator.github.io/pc-custom-lab/img/MONLEN1300.jpg
50,MLM3427202527,Pantalla De Privacidad Para Monitores De 23.8  16:9 K60731ww,https://iaworldcenter-creator.github.io/pc-custom-lab/img/ACCKNS1940.jpg
51,MLM3427202533,Decodificador De Video Provision Isr Dec-0104(1u) 4 Salidas,https://iaworldcenter-creator.github.io/pc-custom-lab/img/ACCPVS850.jpg
52,MLM3427202537,Oxímetro De Pulso Monitor Sanguíneo Modelo Lk87,https://iaworldcenter-creator.github.io/pc-custom-lab/img/ACCKSA100.jpg
53,MLM3427202803,Pantalla De Privacidad Para Monitores De 13.3  16:10 K52118w,https://iaworldcenter-creator.github.io/pc-custom-lab/img/ACCKNS2050.jpg
54,MLM3427203129,Monitor Dahua Dhi-lm34-e330ca La Resolución De 3440*1440 Pro,https://iaworldcenter-creator.github.io/pc-custom-lab/img/MONDAH220.jpg
55,MLM3427203285,Impresora Portátil De Tickets Zebra Zq210 (zq21-a0e12kl-00).,https://iaworldcenter-creator.github.io/pc-custom-lab/img/IMPZBR2870.jpg
56,MLM6137653580,"Monitor Marca LG 32 , 32u889sa-w.awm, Pantalla - Tamaño [pul",https://iaworldcenter-creator.github.io/pc-custom-lab/img/MONLGE3690.jpg
57,MLM6137653628,Monitor Gaming Xpg 24  120hz Rift R24f2. Resolución: 1920 ×,https://iaworldcenter-creator.github.io/pc-custom-lab/img/MONDAT030.jpg
58,MLM6137653656,Monitor Benq Pd3205u. 9h.lkgla.tba. Led De 31.5 . Wide Scree,https://iaworldcenter-creator.github.io/pc-custom-lab/img/MONBNQ1310.jpg
59,MLM6137653972,Monitor Gamer Gigabyte Gs24f14 Tamaño Del Panel (pulgadas) 2,https://iaworldcenter-creator.github.io/pc-custom-lab/img/MONGIG320.jpg
60,MLM6137654130,"Computadora Portátil Expertbook B9 Oled, Número De Parte 90n",https://iaworldcenter-creator.github.io/pc-custom-lab/img/COMASS9350.jpg
61,MLM6137654344,"Sensor Ambiental Snev001, Monitorea Temperatura Y Humedad. O",https://iaworldcenter-creator.github.io/pc-custom-lab/img/ACCCYP290.jpg
62,MLM6137654522,Monitor Gaming Plano 27  180hz: Titán Mtg27y Balam Rush Free,https://iaworldcenter-creator.github.io/pc-custom-lab/img/MONBLR380.jpg
63,MLM6137654880,Switch Monitoreable Poe+ Ds-3e1309p-ei / 8 Puertos 10/100 Mb,https://iaworldcenter-creator.github.io/pc-custom-lab/img/SWTHKV270.jpg
64,MLM6137655024,"Monitor Gaming Negro Necnon Modelo Nmg-30u2 29.5 , Curvo Ult",https://iaworldcenter-creator.github.io/pc-custom-lab/img/MONNNN140.jpg
65,MLM6137655028,Monitor Profesional Samsung Qm85c; Modelo Lh85qmcebgcxgo; Ta,https://iaworldcenter-creator.github.io/pc-custom-lab/img/LFDSMG1370.jpg
66,MLM3427188473,Mouse Inalámbrico 2.4hz Aero One Mi455a Acteck Conexión Usb,https://iaworldcenter-creator.github.io/pc-custom-lab/img/MOUACT540.jpg
67,MLM3427188479,"Mini Mouse Inalámbrico Naceb Arty, Diseño Ergonómico, Conect",https://iaworldcenter-creator.github.io/pc-custom-lab/img/MOUNCB510.jpg
68,MLM3427188483,"Mouse Gaming Kan Gm970 Balam Rush 6 Botones + Scroll, 600/12",https://iaworldcenter-creator.github.io/pc-custom-lab/img/MOUBLR010.jpg
69,MLM3427188537,"Mouse Inalámbrico Naceb, Diseño Ergonómico, Conector Usb, Nu",https://iaworldcenter-creator.github.io/pc-custom-lab/img/MOUNCB440.jpg
70,MLM3427188601,Mouse Inalámbrico Del Wm126 Black 570-aalk El Mouse Óptico I,https://iaworldcenter-creator.github.io/pc-custom-lab/img/MOUDLL030.jpg
71,MLM3427188615,Mouse. Logitech. M100. 910-001601. Conexión Usb Plug & Play.,https://iaworldcenter-creator.github.io/pc-custom-lab/img/MOULOG1580.jpg
72,MLM3427188721,Mouse Alámbrico. Naceb Gamer Na-592ne 800-1200dpi. Usb. 4 Bo,https://iaworldcenter-creator.github.io/pc-custom-lab/img/MOUNCB270.jpg
73,MLM3427188755,Mouse Inalámbrico Multidispositivo Virtuos Pro Air Mi766 Act,https://iaworldcenter-creator.github.io/pc-custom-lab/img/MOUACT470.jpg
74,MLM3427188827,Logitech G203 910-005852. Listo Para Jugar. Aprovecha Al Máx,https://iaworldcenter-creator.github.io/pc-custom-lab/img/MOULOG2280.jpg
75,MLM3427188863,Mouse Inalámbrico Vertical Virtuos Fitt Pro Mi520 Acteck Adv,https://iaworldcenter-creator.github.io/pc-custom-lab/img/MOUACT330.jpg
76,MLM3427188873,Logitech M190 910-005902. Mouse Inalámbrico De Tamaño Normal,https://iaworldcenter-creator.github.io/pc-custom-lab/img/MOULOG2310.jpg
77,MLM3427201283,Mouse Inalámbrico 2.4hz Optimize Edge Mi460 Advanced Series,https://iaworldcenter-creator.github.io/pc-custom-lab/img/MOUACT200.jpg
78,MLM3427201285,Mouse Inalámbrico Multiplataforma Bluetooth/2.4hz Optimize T,https://iaworldcenter-creator.github.io/pc-custom-lab/img/MOUACT150.jpg
79,MLM3427201387,Mouse Inalámbrico Vertical Virtuos Fitt Pro Mi770 Acteck Bat,https://iaworldcenter-creator.github.io/pc-custom-lab/img/MOUACT260.jpg
80,MLM3427201397,"Mouse Gamer Naceb Phantom (na-0954), Iluminacion Rgb, Puerto",https://iaworldcenter-creator.github.io/pc-custom-lab/img/MOUNCB530.jpg
81,MLM3427201415,"Naceb Mouse Gamer Alambrico Osiris Rgb Na-0964, Naceb Mouse",https://iaworldcenter-creator.github.io/pc-custom-lab/img/MOUNCB680.jpg
82,MLM3427201423,"Naceb Mouse Gamer Alambrico Obelisk Rgb Na-0965 Na-0965, Nac",https://iaworldcenter-creator.github.io/pc-custom-lab/img/MOUNCB690.jpg
83,MLM3427201441,Mouse Logitech 910-005794. Listo Para Jugar. Aprovecha Al Má,https://iaworldcenter-creator.github.io/pc-custom-lab/img/MOULOG2250.jpg
84,MLM3427201451,Mouse Logitech. M170 910-006862. El M170 Está Listo A La Vez,https://iaworldcenter-creator.github.io/pc-custom-lab/img/MOULOG2790.jpg
85,MLM3427201649,"Mouse Alámbrico Naceb, Diseño Ergonómico, Conector Usb, Nume",https://iaworldcenter-creator.github.io/pc-custom-lab/img/MOUNCB400.jpg
86,MLM3427201767,Mouse Vorago Mo-305-bk Slim Led Rgb Inalambrico Recargable N,https://iaworldcenter-creator.github.io/pc-custom-lab/img/MOUVGO560.jpg
87,MLM3427201887,Mouse Logi M196 910-007456. El Confiable Mouse Bluetooth Que,https://iaworldcenter-creator.github.io/pc-custom-lab/img/MOULOG3150.jpg
88,MLM6137653098,"Mouse Gamer Gram Series 2000, Negro - Yeyian Ymg-24110n, Dis",https://iaworldcenter-creator.github.io/pc-custom-lab/img/MOUYEY090.jpg
89,MLM6137653120,Mini Mouse Óptico Retráctil. Easy Line. El-993346. Alambrico,https://iaworldcenter-creator.github.io/pc-custom-lab/img/MOUMST1140.jpg
90,MLM6137653274,Mouse Inalámbrico. Logitech. M185. 910-002225. Nano Receptor,https://iaworldcenter-creator.github.io/pc-custom-lab/img/MOULOG1570.jpg
91,MLM6137653324,Mouse Inalámbrico 2.4hz Instict Click Mi484 Acteck Conexión,https://iaworldcenter-creator.github.io/pc-custom-lab/img/MOUACT480.jpg
92,MLM6137653348,Mouse Inalámbrico Optimize Ergo Mi680 Acteck Elite Series Re,https://iaworldcenter-creator.github.io/pc-custom-lab/img/MOUACT230.jpg
93,MLM6137653384,"Mouse Getttech Inalámbrico Modelo Gac-24406b, Colorful, 1,60",https://iaworldcenter-creator.github.io/pc-custom-lab/img/MOUGET040.jpg
94,MLM6137653408,"Mouse Logi Mx Master 3s 910-007502. Éste Es Mx Master 3s, Un",https://iaworldcenter-creator.github.io/pc-custom-lab/img/MOULOG3300.jpg
95,MLM6137653498,Logitech G502 910-005566. El Mouse G502 Es Todo Un Icono Que,https://iaworldcenter-creator.github.io/pc-custom-lab/img/MOULOG1960.jpg
96,MLM6137653512,Mouse Gamer Alambrico Speedr Evo Mg939 Balam Rush Conexión U,https://iaworldcenter-creator.github.io/pc-custom-lab/img/MOUBLR190.jpg
97,MLM6137653566,El Mouse Inalámbrico Dual Suretrack K75352ww Kensington. Am,https://iaworldcenter-creator.github.io/pc-custom-lab/img/MOUKNS180.jpg
98,MLM3427189323,"Computadora Evotec Ev-i512-vertec-23 Intel I5-12400, 16 Gb,",https://iaworldcenter-creator.github.io/pc-custom-lab/img/CPUEVO1170.jpg
99,MLM3427189559,Ssd Kc3000 Pcie Nvme M.2 Kingston 512gb Skc3000s/512g,https://iaworldcenter-creator.github.io/pc-custom-lab/img/DDUKGT2070.jpg
100,MLM3427189569,"Disco Duro Western Digital Ultrastar 0b36404 8tb 3.5, Factor",https://iaworldcenter-creator.github.io/pc-custom-lab/img/DDUWSD1420.jpg
101,MLM3427189601,"Servidor Virtual Básico, So Linux, 1vcpu, 2gb Ram, 50gb Dd S",https://iaworldcenter-creator.github.io/pc-custom-lab/img/SERCLO950.jpg
102,MLM3427189605,Synology Hat3300-4t Disco Duro 4tb / 5400rpm / Serie Plus Di,https://iaworldcenter-creator.github.io/pc-custom-lab/img/DDUTRD030.jpg
103,MLM3427189723,"Computadora Evotec Ev-i312-vertecplus-24 Intel I3-12100, 8gb",https://iaworldcenter-creator.github.io/pc-custom-lab/img/CPUEVO1180.jpg
104,MLM3427189837,Stylos Ssd Sataiii 120g Stmssd1b. Solid State Drive 120gb. T,https://iaworldcenter-creator.github.io/pc-custom-lab/img/DDUSTY010.jpg
105,MLM3427189849,Stylos Ssd Sataiii 480g Stmssd3b. Soporta Funciones S.m.a.r.,https://iaworldcenter-creator.github.io/pc-custom-lab/img/DDUSTY030.jpg
106,MLM3427190253,Disco Duro Wd Purple Modelo Wd10purz De 1tb.,https://iaworldcenter-creator.github.io/pc-custom-lab/img/DDUSAT960.jpg
107,MLM3427201921,"Disco Duro Lenovo Thinksystem 7xb7a00069, Capacidad De 2.4 T",https://iaworldcenter-creator.github.io/pc-custom-lab/img/DDULEN1040.jpg
108,MLM3427201923,Disco Duro Dell 400-atkj 2tb 7.2k Rpm Sata 6gbps 512n 3.5in,https://iaworldcenter-creator.github.io/pc-custom-lab/img/DDUDLL1610.jpg
109,MLM3427201987,"Disco Duro Wd Red Plus Modelo Wd120efbx De 12tb, 256mb Cache",https://iaworldcenter-creator.github.io/pc-custom-lab/img/DDUWSD2040.jpg
110,MLM3427202435,"Disco Duro Western Digital Red Pro Wd240kfgx 24tb, Formato:",https://iaworldcenter-creator.github.io/pc-custom-lab/img/DDUWSD2520.jpg
111,MLM3427202453,"Disco Duro Wd Red Plus Modelo Wd60efpx De 6tb, 256mb Cache",https://iaworldcenter-creator.github.io/pc-custom-lab/img/DDUWSD2310.jpg
112,MLM3427202457,Ssd Kc600 2.5 Kingston 256gb Skc600ms/256g,https://iaworldcenter-creator.github.io/pc-custom-lab/img/DDUKGT2010.jpg
113,MLM3427202469,"Disco Duro Interno Toshiba 10tb, Mg10-d 7200rpm, Cache Satai",https://iaworldcenter-creator.github.io/pc-custom-lab/img/DDUTOS1080.jpg
114,MLM3427202605,Disco Duro Lenovo Thinksystem Sff/2.5  (4xb7a83970) 2.4tb 10,https://iaworldcenter-creator.github.io/pc-custom-lab/img/DDULEN1070.jpg
115,MLM3427202749,Disco Duro Wd Purple Modelo Wd43purz De 4tb.,https://iaworldcenter-creator.github.io/pc-custom-lab/img/DDUWSD2110.jpg
116,MLM3427202923,"Disco Duro Wd Red Modelo Wd101efbx De 10tb, 256mb Cache",https://iaworldcenter-creator.github.io/pc-custom-lab/img/DDUWSD1820.jpg
117,MLM3427203319,Disco Duro Western Digital Black Wdba5g0050bbk-wesn 5tb Para,https://iaworldcenter-creator.github.io/pc-custom-lab/img/DDUWSD3050.jpg
118,MLM6137653402,"Disco Duro Wd Red Plus Modelo Wd40efpx De 4tb, 256mb Cache",https://iaworldcenter-creator.github.io/pc-custom-lab/img/DDUWSD2130.jpg
119,MLM6137653532,Ssd Dc600m 2.5 Kingston 480gb Sedc600m/480g,https://iaworldcenter-creator.github.io/pc-custom-lab/img/DDUKGT2310.jpg
120,MLM6137653632,"Disco Duro Western Digital Red Pro Wd6003ffbx 6tb 3.5, Facto",https://iaworldcenter-creator.github.io/pc-custom-lab/img/DDUWSD3130.jpg
121,MLM6137653726,Ssd Dc600m 2.5 Kingston 1920gb Sedc600m/1920g,https://iaworldcenter-creator.github.io/pc-custom-lab/img/DDUKGT2330.jpg
122,MLM6137654250,"Ops Para Pantalla Interactiva Jc Touch Version I5, 4gb Ram,",https://iaworldcenter-creator.github.io/pc-custom-lab/img/ACCMTD290.jpg
123,MLM6137654820,Disco Duro Ssd Hpe (p47818-h21) 480 Gb Sata 6g Lectura Inten,https://iaworldcenter-creator.github.io/pc-custom-lab/img/DDUHPE1290.jpg
124,MLM6137655008,Computadora Vorago Slimebay 5 Cpu Vorago Sb5 I7 12700-tr-20,https://iaworldcenter-creator.github.io/pc-custom-lab/img/CPUVGO5790.jpg
125,MLM6137655056,Disco Duro Wd De 1tb Blue 7mm Modelo Wd10spzx,https://iaworldcenter-creator.github.io/pc-custom-lab/img/DDUWSD1230.jpg
126,MLM3427188879,Memoria Kingston 8gb 3200mt/s Ddr4 Non-ecc Cl22 Dimm 1rx8 Kv,https://iaworldcenter-creator.github.io/pc-custom-lab/img/MEMKGN5070.jpg
127,MLM3427189179,Memoria Ram Hpe 64gb (p64707-b21) Dual Rank X4 Ddr5-5600 Cas,https://iaworldcenter-creator.github.io/pc-custom-lab/img/MEMHPE580.jpg
128,MLM3427189853,"Memoria Ram Adata Xpg Spectrix D35g, Ddr4 8gb Udimm 3200mhz,",https://iaworldcenter-creator.github.io/pc-custom-lab/img/MEMDAT6800.jpg
129,MLM3427190349,"Memoria Ram Adata Xpg Lancer Blade, Ddr5 8gb Udimm 5600mt/s.",https://iaworldcenter-creator.github.io/pc-custom-lab/img/MEMDAT7250.jpg
130,MLM3427201373,"Memoria Ram Adata Xpg Lancer Neon Rgb, Ddr5 16gb Udimm 6400m",https://iaworldcenter-creator.github.io/pc-custom-lab/img/MEMDAT7340.jpg
131,MLM3427201543,"Memoria Ram Adata Xpg Hunter, Ddr5 8gb Sodimm 5600mt/s. Disi",https://iaworldcenter-creator.github.io/pc-custom-lab/img/MEMDAT7410.jpg
132,MLM3427202017,Memoria Ram Lenovo Thinksystem (4x77a99751) 16gb Truddr5 560,https://iaworldcenter-creator.github.io/pc-custom-lab/img/MEMLEN450.jpg
133,MLM3427202117,Memoria Ram Hpe (p07642-b21) 16 Gb (1 X 16 Gb) Rango Dual X8,https://iaworldcenter-creator.github.io/pc-custom-lab/img/MEMHPE510.jpg
134,MLM3427202475,Memoria Kingston 8gb 3200mt/s Ddr4 Non-ecc Cl22 Sodimm 1rx8,https://iaworldcenter-creator.github.io/pc-custom-lab/img/MEMKGN4990.jpg
135,MLM3427202649,Memoria Ram Hpe (p43322-b21) 16 Gb (1 X 16gb) Rango Único X8,https://iaworldcenter-creator.github.io/pc-custom-lab/img/MEMHPE480.jpg
136,MLM3427203107,Memoria Kingston Propietaria 32gb 3200mt/s Ddr4 Cl22 Dimm 1.,https://iaworldcenter-creator.github.io/pc-custom-lab/img/MEMKGN3690.jpg
137,MLM3427203115,Memoria Kingston Propietaria 32gb Ddr4 3200mt/s Non-ecc Unbu,https://iaworldcenter-creator.github.io/pc-custom-lab/img/MEMKGN2710.jpg
138,MLM6137653730,Memoria Kingston 16gb 3200mhz Ddr4 Non-ecc Cl22 Dimm 1rx8 Kv,https://iaworldcenter-creator.github.io/pc-custom-lab/img/MEMKGN3470.jpg
139,MLM6137654272,Memoria Kingston Propietaria 32gb Ddr4 3200mt/s Ecc Register,https://iaworldcenter-creator.github.io/pc-custom-lab/img/MEMKGN6000.jpg
140,MLM6137654300,"Memoria Ram Adata Xpg Spectrix D35g, Ddr4 16gb Udimm 3200mhz",https://iaworldcenter-creator.github.io/pc-custom-lab/img/MEMDAT6830.jpg
141,MLM6137654314,Memoria Kingston Propietaria 8gb Ddr4 3200mt/s Ddr4 Cl22 Dim,https://iaworldcenter-creator.github.io/pc-custom-lab/img/MEMKGN3510.jpg
142,MLM6137654416,Memoria Kingston 8gb 1600mt/s Ddr3l Non-ecc Cl11 Dimm 1.35v(,https://iaworldcenter-creator.github.io/pc-custom-lab/img/MEMKGN5150.jpg
143,MLM6137654744,Memoria Ram Hpe (p43328-k21) 32 Gb (1 X 32 Gb) Rango Dual X8,https://iaworldcenter-creator.github.io/pc-custom-lab/img/MEMHPE490.jpg
144,MLM6137655084,Memoria Kingston Propietaria 16gb Ddr5 5600mt/s Non-ecc Unbu,https://iaworldcenter-creator.github.io/pc-custom-lab/img/MEMKGN5010.jpg
145,MLM3427188445,"Kit Gamer Naceb 4 En 1 Na-0934 Mouse: Interfaz Usb, 4 Botone",https://iaworldcenter-creator.github.io/pc-custom-lab/img/KITNCB150.jpg
146,MLM3427188775,"Kit Teclado Con Bocinas Y Mouse, Interfaz Usb Alámbrico Mode",https://iaworldcenter-creator.github.io/pc-custom-lab/img/KITNCB020.jpg
147,MLM3427188821,Kit Teclado / Mouse. Balance. Easy Line. El-993391. Conexión,https://iaworldcenter-creator.github.io/pc-custom-lab/img/KITMST1290.jpg
148,MLM3427188867,"Kit Yeyian Led Ykp-20706 Phoenix 3000, Teclado Y Mouse Gamin",https://iaworldcenter-creator.github.io/pc-custom-lab/img/KITYEY030.jpg
149,MLM3427201299,"Kit Gaming 4 En 1 Necnon Modelo Ngc-kraken Led Multicolor, A",https://iaworldcenter-creator.github.io/pc-custom-lab/img/KITNNN020.jpg
150,MLM3427201323,Kit De Teclado Y Mouse Led Gaming Yeyian Ykp-20704 Phoenix20,https://iaworldcenter-creator.github.io/pc-custom-lab/img/KITYEY050.jpg
151,MLM3427201433,Kit Teclado Y Mouse Recargable Bluetooth Y Radiofrecuencia M,https://iaworldcenter-creator.github.io/pc-custom-lab/img/KITRBT320.jpg
152,MLM3427201557,Kit Teclado Y Mouse Inalámbricos Slim Creator Edge Mk675 Eli,https://iaworldcenter-creator.github.io/pc-custom-lab/img/KITACT1110.jpg
153,MLM3427201559,"Kit Teclado Mouse. Vorago. Km-302. Inalambrico. Mouse: Usb,",https://iaworldcenter-creator.github.io/pc-custom-lab/img/KITVGO070.jpg
154,MLM3427201603,Kit De Teclado Y Mouse Inalámbrico Tz20comb02-ina Marca Tech,https://iaworldcenter-creator.github.io/pc-custom-lab/img/KITTCH380.jpg
155,MLM6137653054,"Kit De Teclado Y Mouse Qian Xie Qkx-20603, Alambrico Multime",https://iaworldcenter-creator.github.io/pc-custom-lab/img/KITQIA120.jpg
156,MLM6137653056,"Kit Teclado Y Mouse Lenovo Profesional 4x30h56831 Español, C",https://iaworldcenter-creator.github.io/pc-custom-lab/img/ACCLEN2180.jpg
157,MLM6137653066,"178990 Kit Teclado Y Mouse Inalámbrico, Una Conexión Usb-don",https://iaworldcenter-creator.github.io/pc-custom-lab/img/KITITL030.jpg
158,MLM3427189539,Fuente De Poder Ps-180-343 (c825343) Para Impresoras Epson T,https://iaworldcenter-creator.github.io/pc-custom-lab/img/IMPEPS300.jpg
159,MLM3427189549,"Fuente De Poder, 12v A 4 Amp, Color Negro, Ideal Para Equipo",https://iaworldcenter-creator.github.io/pc-custom-lab/img/ACCDAH800.jpg
160,MLM3427189557,Saxxon Psu1201e - Fuente De Poder Regulada De 12 Vcc 1 Amper,https://iaworldcenter-creator.github.io/pc-custom-lab/img/GABSAX110.jpg
161,MLM3427189567,Saxxon Energia Psu1208a - Fuente De Poder Regulable Metálica,https://iaworldcenter-creator.github.io/pc-custom-lab/img/GABSAX060.jpg
162,MLM3427189713,Fuente De Poder Getttech Gfs-55020-01 Factor De Forma Atx 12,https://iaworldcenter-creator.github.io/pc-custom-lab/img/GABGET180.jpg
163,MLM3427189809,"Impresora Móvil De Etiquetas Térmica Directa, Bluetooth, 4 P",https://iaworldcenter-creator.github.io/pc-custom-lab/img/IMPSMP1360.jpg
164,MLM3427190331,Fuente De Poder Evotec 500w (ev-500) Compatible Con Gabinete,https://iaworldcenter-creator.github.io/pc-custom-lab/img/GABEVO290.jpg
165,MLM3427190333,"Fuente De Poder Regulada En Gabinete, 12v A 20 A, Distribuid",https://iaworldcenter-creator.github.io/pc-custom-lab/img/ACCDAH580.jpg
166,MLM3427202373,Bolsa 10 Conectores Alimentacion Psubr12h Bolsa De 10 Conect,https://iaworldcenter-creator.github.io/pc-custom-lab/img/ACCDAH540.jpg
167,MLM3427202429,Fuente De Poder Acteck Blazar Evo Ft700e Advanced Series Atx,https://iaworldcenter-creator.github.io/pc-custom-lab/img/GABACT360.jpg
168,MLM3427202431,"Zebra Fuente Pwr-bua5v16w0ww Power Supply Adaptor, Power- Br",https://iaworldcenter-creator.github.io/pc-custom-lab/img/ACCZBR2430.jpg
169,MLM3427202445,Fuente De Poder 1250w 80 Plus Platino Balam Rush Magnetar 12,https://iaworldcenter-creator.github.io/pc-custom-lab/img/GABBLR550.jpg
170,MLM6137654166,Saxxon Psu1202e - Fuente De Poder Regulada De 12 Vcc 2 Amper,https://iaworldcenter-creator.github.io/pc-custom-lab/img/ACCSAX030.jpg
171,MLM6137654200,Saxxon Psuwb07 - Divisor De Energía Para 4 Cámaras/ 1 Conect,https://iaworldcenter-creator.github.io/pc-custom-lab/img/ACCSAX170.jpg
172,MLM6137654540,Fuente De Poder 500w 80 Plus Bronce Balam Rush Gr Burst Gr50,https://iaworldcenter-creator.github.io/pc-custom-lab/img/GABBLR520.jpg
173,MLM6137654558,Saxxon Psu1220-d9 - Fuente De Poder De 12 Vcd/ 20 Amperes/ P,https://iaworldcenter-creator.github.io/pc-custom-lab/img/GABSAX040.jpg
174,MLM6137654788,Dahua Dh-pfm342-9ch - Fuente De Poder De 12 Vcc 10 Amper/ Co,https://iaworldcenter-creator.github.io/pc-custom-lab/img/ACCDAH1940.jpg
175,MLM6137654792,Fuente De Poder 750w 80 Plus Bronce Balam Rush Gr Burst Gr75,https://iaworldcenter-creator.github.io/pc-custom-lab/img/GABBLR490.jpg
176,MLM6137655044,Fuente De Poder 12v 1.5a Dh-pfm320d-015 Fuente De Poder De 1,https://iaworldcenter-creator.github.io/pc-custom-lab/img/ACCDAH2120.jpg
177,MLM6137655078,"Impresora Móvil De Etiquetas Térmica Directa, Wifi, 2 Pulgad",https://iaworldcenter-creator.github.io/pc-custom-lab/img/IMPSMP1400.jpg
178,MLM3427189215,Yeyian Gaming Pc Hussar Negro Core Ultra 5 225 Modelo: Ypi-h,https://iaworldcenter-creator.github.io/pc-custom-lab/img/CPUYEY690.jpg
179,MLM3427201893,Adaptador Usb Tipo C A Hdmi (ua520c) Resolución Máxima: Sopo,https://iaworldcenter-creator.github.io/pc-custom-lab/img/ACCTPL1610.jpg
180,MLM6137654456,Trackball Pro Fit® Ergo Tb550 K72196ww Kensington. Un Diseño,https://iaworldcenter-creator.github.io/pc-custom-lab/img/ACCKNS2390.jpg
