Numero_Publicacion_MLM,SKU,Categoria_MercadoLibre,Titulo_Publicacion,URL_Foto_Raw_GitHub,URL_Foto_Pages_CDN,Dimensiones,Estado_Fondo
MLM3427188743,ACCMVA1100,Gabinetes para computadoras ...,Gabinete Para Sirena 15w Lince10,https://raw.githubusercontent.com/iaworldcenter-creator/pc-custom-lab/main/assets/temp_ml_images/ACCMVA1100.jpg,https://iaworldcenter-creator.github.io/pc-custom-lab/assets/temp_ml_images/ACCMVA1100.jpg,1000x1000 px,Fondo blanco puro verificado
MLM3427189271,GABEVO420,Gabinetes para computadoras ...,"Gabinete Evotec Bassu, Compatibilidad: Mini Atx; Conectores:",https://raw.githubusercontent.com/iaworldcenter-creator/pc-custom-lab/main/assets/temp_ml_images/GABEVO420.jpg,https://iaworldcenter-creator.github.io/pc-custom-lab/assets/temp_ml_images/GABEVO420.jpg,1000x1000 px,Fondo blanco puro verificado
MLM3427189441,GABDAT030,Gabinetes para computadoras ...,"Gabinete Gamer Xpg Invader, Media Torre. Puertos De E/s Vers",https://raw.githubusercontent.com/iaworldcenter-creator/pc-custom-lab/main/assets/temp_ml_images/GABDAT030.jpg,https://iaworldcenter-creator.github.io/pc-custom-lab/assets/temp_ml_images/GABDAT030.jpg,1000x1000 px,Fondo blanco puro verificado
MLM3427189537,ACCTRL3170,Gabinetes para computadoras ...,"Gabinete Smartrack De 6u Marca: Tripp-lite, Srwf6u De Bajo P",https://raw.githubusercontent.com/iaworldcenter-creator/pc-custom-lab/main/assets/temp_ml_images/ACCTRL3170.jpg,https://iaworldcenter-creator.github.io/pc-custom-lab/assets/temp_ml_images/ACCTRL3170.jpg,1000x1000 px,Fondo blanco puro verificado
MLM3427189683,GABTMK2440,Gabinetes para computadoras ...,"Gabinete Thermaltake Core P3 Tg Pro Snow(ca-1g4-00m6wn-09),",https://raw.githubusercontent.com/iaworldcenter-creator/pc-custom-lab/main/assets/temp_ml_images/GABTMK2440.jpg,https://iaworldcenter-creator.github.io/pc-custom-lab/assets/temp_ml_images/GABTMK2440.jpg,1000x1000 px,Fondo blanco puro verificado
MLM3427189687,GABTMK2330,Gabinetes para computadoras ...,"Gabinete Thermaltake Core P6 Tg Snow(ca-1v2-00m6wn-00), Colo",https://raw.githubusercontent.com/iaworldcenter-creator/pc-custom-lab/main/assets/temp_ml_images/GABTMK2330.jpg,https://iaworldcenter-creator.github.io/pc-custom-lab/assets/temp_ml_images/GABTMK2330.jpg,1000x1000 px,Fondo blanco puro verificado
MLM3427189839,GABITL750,Gabinetes para computadoras ...,"102254 Estación De Carga Con 6 Puertos Usb, Seis Puertos Usb",https://raw.githubusercontent.com/iaworldcenter-creator/pc-custom-lab/main/assets/temp_ml_images/GABITL750.jpg,https://iaworldcenter-creator.github.io/pc-custom-lab/assets/temp_ml_images/GABITL750.jpg,1000x1000 px,Fondo blanco puro verificado
MLM3427189941,RCKACC2470,Gabinetes para computadoras ...,"Gabinete Mural Abatible 19 ,12u Flatpack (713863) Gabinete M",https://raw.githubusercontent.com/iaworldcenter-creator/pc-custom-lab/main/assets/temp_ml_images/RCKACC2470.jpg,https://iaworldcenter-creator.github.io/pc-custom-lab/assets/temp_ml_images/RCKACC2470.jpg,1000x1000 px,Fondo blanco puro verificado
MLM3427190065,ACCMVA1110,Gabinetes para computadoras ...,Gabinete Para Sirena 30w Lince11,https://raw.githubusercontent.com/iaworldcenter-creator/pc-custom-lab/main/assets/temp_ml_images/ACCMVA1110.jpg,https://iaworldcenter-creator.github.io/pc-custom-lab/assets/temp_ml_images/ACCMVA1110.jpg,1000x1000 px,Fondo blanco puro verificado
MLM3427190315,GABDAT410,Gabinetes para computadoras ...,Gabinete Gamer Xpg Battlecruiser Ii. Media Torre. Compatible,https://raw.githubusercontent.com/iaworldcenter-creator/pc-custom-lab/main/assets/temp_ml_images/GABDAT410.jpg,https://iaworldcenter-creator.github.io/pc-custom-lab/assets/temp_ml_images/GABDAT410.jpg,1000x1000 px,Fondo blanco puro verificado
MLM3427201369,GABDAT020,Gabinetes para computadoras ...,"Gabinete Gamer Xpg Batlecrusier, Media Torre. De Metal Con P",https://raw.githubusercontent.com/iaworldcenter-creator/pc-custom-lab/main/assets/temp_ml_images/GABDAT020.jpg,https://iaworldcenter-creator.github.io/pc-custom-lab/assets/temp_ml_images/GABDAT020.jpg,1000x1000 px,Fondo blanco puro verificado
MLM3427201647,GABSTY370,Gabinetes para computadoras ...,Gabinete Xzeal Panzer Ii Cubo M-atx/itx Xzgamc2w 2xusb1.0 +,https://raw.githubusercontent.com/iaworldcenter-creator/pc-custom-lab/main/assets/temp_ml_images/GABSTY370.jpg,https://iaworldcenter-creator.github.io/pc-custom-lab/assets/temp_ml_images/GABSTY370.jpg,1000x1000 px,Fondo blanco puro verificado
MLM3427201729,GABITL730,Gabinetes para computadoras ...,180917 Carrito De Carga Con 10 Contactos De Corriente Altern,https://raw.githubusercontent.com/iaworldcenter-creator/pc-custom-lab/main/assets/temp_ml_images/GABITL730.jpg,https://iaworldcenter-creator.github.io/pc-custom-lab/assets/temp_ml_images/GABITL730.jpg,1000x1000 px,Fondo blanco puro verificado
MLM3427201761,ACCEPC170,Gabinetes para computadoras ...,"Gabinete De Seguridad, Lámina Galvanizada, Para 2 Baterías Y",https://raw.githubusercontent.com/iaworldcenter-creator/pc-custom-lab/main/assets/temp_ml_images/ACCEPC170.jpg,https://iaworldcenter-creator.github.io/pc-custom-lab/assets/temp_ml_images/ACCEPC170.jpg,1000x1000 px,Fondo blanco puro verificado
MLM3427201943,GABDAT440,Gabinetes para computadoras ...,Gabinete Gamer Xpg Invader X. Media Torre. Compatible Con Pl,https://raw.githubusercontent.com/iaworldcenter-creator/pc-custom-lab/main/assets/temp_ml_images/GABDAT440.jpg,https://iaworldcenter-creator.github.io/pc-custom-lab/assets/temp_ml_images/GABDAT440.jpg,1000x1000 px,Fondo blanco puro verificado
MLM3427201955,BATVIC010,Gabinetes para computadoras ...,Gabinete Y Banco De Baterías P/up Team Ha 3000-12 Vcd/12ahx4,https://raw.githubusercontent.com/iaworldcenter-creator/pc-custom-lab/main/assets/temp_ml_images/BATVIC010.jpg,https://iaworldcenter-creator.github.io/pc-custom-lab/assets/temp_ml_images/BATVIC010.jpg,1000x1000 px,Fondo blanco puro verificado
MLM3427201959,ACCRBT6190,Gabinetes para computadoras ...,"Gabinete De 19  Para Montaje En Pared  Mural , 6 U (810315),",https://raw.githubusercontent.com/iaworldcenter-creator/pc-custom-lab/main/assets/temp_ml_images/ACCRBT6190.jpg,https://iaworldcenter-creator.github.io/pc-custom-lab/assets/temp_ml_images/ACCRBT6190.jpg,1000x1000 px,Fondo blanco puro verificado
MLM3427202081,GABITL680,Gabinetes para computadoras ...,Gabinete Mural 19° 6u (711715) Ideal Para Aplicaciones De Mo,https://raw.githubusercontent.com/iaworldcenter-creator/pc-custom-lab/main/assets/temp_ml_images/GABITL680.jpg,https://iaworldcenter-creator.github.io/pc-custom-lab/assets/temp_ml_images/GABITL680.jpg,1000x1000 px,Fondo blanco puro verificado
MLM3427202555,RCKACC2360,Gabinetes para computadoras ...,"Gabinete Mural Abatible 19 ,9u (711845) Gabinete Mural Abati",https://raw.githubusercontent.com/iaworldcenter-creator/pc-custom-lab/main/assets/temp_ml_images/RCKACC2360.jpg,https://iaworldcenter-creator.github.io/pc-custom-lab/assets/temp_ml_images/RCKACC2360.jpg,1000x1000 px,Fondo blanco puro verificado
MLM3427202833,GABLKP060,Gabinetes para computadoras ...,Gabinete De Pared De 6u Linkedpro Modelo Sr-1906-lh3g Puerta,https://raw.githubusercontent.com/iaworldcenter-creator/pc-custom-lab/main/assets/temp_ml_images/GABLKP060.jpg,https://iaworldcenter-creator.github.io/pc-custom-lab/assets/temp_ml_images/GABLKP060.jpg,1000x1000 px,Fondo blanco puro verificado
MLM3427202847,GABSTY140,Gabinetes para computadoras ...,Gabinete Gamer Xzeal Xz110-1 Xzcgb12b. Puerto Para Tarjeta M,https://raw.githubusercontent.com/iaworldcenter-creator/pc-custom-lab/main/assets/temp_ml_images/GABSTY140.jpg,https://iaworldcenter-creator.github.io/pc-custom-lab/assets/temp_ml_images/GABSTY140.jpg,1000x1000 px,Fondo blanco puro verificado
MLM3427202887,GABGET160,Gabinetes para computadoras ...,"Gabinete De Disco Duro Getttech 2.5  Usb 3.1, Gce-m231-01, E",https://raw.githubusercontent.com/iaworldcenter-creator/pc-custom-lab/main/assets/temp_ml_images/GABGET160.jpg,https://iaworldcenter-creator.github.io/pc-custom-lab/assets/temp_ml_images/GABGET160.jpg,1000x1000 px,Fondo blanco puro verificado
MLM3427202995,GABEVO430,Gabinetes para computadoras ...,"Gabinete Evotec Bardi, Compatibilidad: Atx; Conectores: 2 Us",https://raw.githubusercontent.com/iaworldcenter-creator/pc-custom-lab/main/assets/temp_ml_images/GABEVO430.jpg,https://iaworldcenter-creator.github.io/pc-custom-lab/assets/temp_ml_images/GABEVO430.jpg,1000x1000 px,Fondo blanco puro verificado
MLM3427203179,ACCTRL5450,Gabinetes para computadoras ...,Gabinete Para Cableado Estructurado Smartrack De 3u De Bajo,https://raw.githubusercontent.com/iaworldcenter-creator/pc-custom-lab/main/assets/temp_ml_images/ACCTRL5450.jpg,https://iaworldcenter-creator.github.io/pc-custom-lab/assets/temp_ml_images/ACCTRL5450.jpg,1000x1000 px,Fondo blanco puro verificado
MLM3427203207,GABNSY010,Gabinetes para computadoras ...,Gabinete De Piso. Marca North System. Opt004-bkt. Gabinete O,https://raw.githubusercontent.com/iaworldcenter-creator/pc-custom-lab/main/assets/temp_ml_images/GABNSY010.jpg,https://iaworldcenter-creator.github.io/pc-custom-lab/assets/temp_ml_images/GABNSY010.jpg,1000x1000 px,Fondo blanco puro verificado
MLM3427203293,RCKACC2480,Gabinetes para computadoras ...,"Gabinete Mural De 19 ,15u, Flatpack 600m (713887) Gabinete M",https://raw.githubusercontent.com/iaworldcenter-creator/pc-custom-lab/main/assets/temp_ml_images/RCKACC2480.jpg,https://iaworldcenter-creator.github.io/pc-custom-lab/assets/temp_ml_images/RCKACC2480.jpg,1000x1000 px,Fondo blanco puro verificado
MLM6137653352,GABVGO190,Gabinetes para computadoras ...,"Gabinete Game Factor Csg-300 Atx, Usb 3.0, 1 Vent 120mm, Cri",https://raw.githubusercontent.com/iaworldcenter-creator/pc-custom-lab/main/assets/temp_ml_images/GABVGO190.jpg,https://iaworldcenter-creator.github.io/pc-custom-lab/assets/temp_ml_images/GABVGO190.jpg,1000x1000 px,Fondo blanco puro verificado
MLM6137653762,GABYEY120,Gabinetes para computadoras ...,"Gabinete Gaming Atx, Yeyian Yga-68809 Armageddon 2200, 2 Pue",https://raw.githubusercontent.com/iaworldcenter-creator/pc-custom-lab/main/assets/temp_ml_images/GABYEY120.jpg,https://iaworldcenter-creator.github.io/pc-custom-lab/assets/temp_ml_images/GABYEY120.jpg,1000x1000 px,Fondo blanco puro verificado
MLM6137653902,GABBLR740,Gabinetes para computadoras ...,Gabinete Gamer Mini Torre Carbono Crystal 4000c Legend Serie,https://raw.githubusercontent.com/iaworldcenter-creator/pc-custom-lab/main/assets/temp_ml_images/GABBLR740.jpg,https://iaworldcenter-creator.github.io/pc-custom-lab/assets/temp_ml_images/GABBLR740.jpg,1000x1000 px,Fondo blanco puro verificado
MLM6137653904,GABTMK2400,Gabinetes para computadoras ...,"Gabinete Thermaltake S200 Tg Argb Snow(ca-1x2-00m6wn-00), Co",https://raw.githubusercontent.com/iaworldcenter-creator/pc-custom-lab/main/assets/temp_ml_images/GABTMK2400.jpg,https://iaworldcenter-creator.github.io/pc-custom-lab/assets/temp_ml_images/GABTMK2400.jpg,1000x1000 px,Fondo blanco puro verificado
MLM6137654152,GABACT110,Gabinetes para computadoras ...,Gabinete Micro Atx-mini Atx- Mini Itx. Acteck Roma Fuente De,https://raw.githubusercontent.com/iaworldcenter-creator/pc-custom-lab/main/assets/temp_ml_images/GABACT110.jpg,https://iaworldcenter-creator.github.io/pc-custom-lab/assets/temp_ml_images/GABACT110.jpg,1000x1000 px,Fondo blanco puro verificado
MLM6137654424,ACCCYP570,Gabinetes para computadoras ...,Gabinete Para Baterías Bca200n250a Para Extensión De Tiempo,https://raw.githubusercontent.com/iaworldcenter-creator/pc-custom-lab/main/assets/temp_ml_images/ACCCYP570.jpg,https://iaworldcenter-creator.github.io/pc-custom-lab/assets/temp_ml_images/ACCCYP570.jpg,1000x1000 px,Fondo blanco puro verificado
MLM6137654454,GABITL790,Gabinetes para computadoras ...,102353 Carro De Carga Con 32 Puertos Usb-c - 576 W: 32 Puert,https://raw.githubusercontent.com/iaworldcenter-creator/pc-custom-lab/main/assets/temp_ml_images/GABITL790.jpg,https://iaworldcenter-creator.github.io/pc-custom-lab/assets/temp_ml_images/GABITL790.jpg,1000x1000 px,Fondo blanco puro verificado
MLM6137654660,GABEVO360,Gabinetes para computadoras ...,"Gabinete Evotec Viena Slim, Compartimiento: 1 Bahia Hdd 3.5 ",https://raw.githubusercontent.com/iaworldcenter-creator/pc-custom-lab/main/assets/temp_ml_images/GABEVO360.jpg,https://iaworldcenter-creator.github.io/pc-custom-lab/assets/temp_ml_images/GABEVO360.jpg,1000x1000 px,Fondo blanco puro verificado
MLM6137654676,ACCTRL800,Gabinetes para computadoras ...,Gabinete Premium Profundo Smartrack De 42u Con Puertas Y Pan,https://raw.githubusercontent.com/iaworldcenter-creator/pc-custom-lab/main/assets/temp_ml_images/ACCTRL800.jpg,https://iaworldcenter-creator.github.io/pc-custom-lab/assets/temp_ml_images/ACCTRL800.jpg,1000x1000 px,Fondo blanco puro verificado
MLM6137654698,GABCLR750,Gabinetes para computadoras ...,"Gabinete Coolermaster Haf 500 (h500-wgnn-s00), Media Torre,",https://raw.githubusercontent.com/iaworldcenter-creator/pc-custom-lab/main/assets/temp_ml_images/GABCLR750.jpg,https://iaworldcenter-creator.github.io/pc-custom-lab/assets/temp_ml_images/GABCLR750.jpg,1000x1000 px,Fondo blanco puro verificado
MLM6137654768,GABACT140,Gabinetes para computadoras ...,Gabinete Micro Atx Acteck Gc240 Kioto Essential Series Facto,https://raw.githubusercontent.com/iaworldcenter-creator/pc-custom-lab/main/assets/temp_ml_images/GABACT140.jpg,https://iaworldcenter-creator.github.io/pc-custom-lab/assets/temp_ml_images/GABACT140.jpg,1000x1000 px,Fondo blanco puro verificado
MLM6137654840,RCKTRL060,Gabinetes para computadoras ...,Gabinete Pequeño Smartrack Srw12uhd Para Instalación En La P,https://raw.githubusercontent.com/iaworldcenter-creator/pc-custom-lab/main/assets/temp_ml_images/RCKTRL060.jpg,https://iaworldcenter-creator.github.io/pc-custom-lab/assets/temp_ml_images/RCKTRL060.jpg,1000x1000 px,Fondo blanco puro verificado
MLM3427188967,MONACR1680,Monitores de computadoras,Monitor Marca Acer Modelo Eb321hq Abi No. Parte Um.je1aa.a01,https://raw.githubusercontent.com/iaworldcenter-creator/pc-custom-lab/main/assets/temp_ml_images/MONACR1680.jpg,https://iaworldcenter-creator.github.io/pc-custom-lab/assets/temp_ml_images/MONACR1680.jpg,1000x1000 px,Fondo blanco puro verificado
MLM3427189023,MONBNQ1690,Monitores de computadoras,Monitor Benq Gw2490e 9h.lmelj.lbe De Benq Es Un Monitor De 2,https://raw.githubusercontent.com/iaworldcenter-creator/pc-custom-lab/main/assets/temp_ml_images/MONBNQ1690.jpg,https://iaworldcenter-creator.github.io/pc-custom-lab/assets/temp_ml_images/MONBNQ1690.jpg,1000x1000 px,Fondo blanco puro verificado
MLM3427189025,MONACR1810,Monitores de computadoras,"Monitor Acer Modelo Xz340cur X0bmiiphx, Numero De Parte Um.c",https://raw.githubusercontent.com/iaworldcenter-creator/pc-custom-lab/main/assets/temp_ml_images/MONACR1810.jpg,https://iaworldcenter-creator.github.io/pc-custom-lab/assets/temp_ml_images/MONACR1810.jpg,1000x1000 px,Fondo blanco puro verificado
MLM3427189105,MONLGE3560,Monitores de computadoras,Monitor Marca LG Smart Monitor LG Myview De 27 Pulgadas Full,https://raw.githubusercontent.com/iaworldcenter-creator/pc-custom-lab/main/assets/temp_ml_images/MONLGE3560.jpg,https://iaworldcenter-creator.github.io/pc-custom-lab/assets/temp_ml_images/MONLGE3560.jpg,1000x1000 px,Fondo blanco puro verificado
MLM3427189259,MONNNN010,Monitores de computadoras,Monitor Negro Necnon Modelo Nmo-22f7 21.5  Hd 1920x1080 Full,https://raw.githubusercontent.com/iaworldcenter-creator/pc-custom-lab/main/assets/temp_ml_images/MONNNN010.jpg,https://iaworldcenter-creator.github.io/pc-custom-lab/assets/temp_ml_images/MONNNN010.jpg,1000x1000 px,Fondo blanco puro verificado
MLM3427189261,ACCPVS900,Monitores de computadoras,Decodificador De Video Provision Isr Dec-0104n(1u) 4 Salidas,https://raw.githubusercontent.com/iaworldcenter-creator/pc-custom-lab/main/assets/temp_ml_images/ACCPVS900.jpg,https://iaworldcenter-creator.github.io/pc-custom-lab/assets/temp_ml_images/ACCPVS900.jpg,1000x1000 px,Fondo blanco puro verificado
MLM3427189375,MONGIG340,Monitores de computadoras,"Monitor Gaming Gigabyte Gs32qca Tamaño (pulgadas) 31,5  Va 1",https://raw.githubusercontent.com/iaworldcenter-creator/pc-custom-lab/main/assets/temp_ml_images/MONGIG340.jpg,https://iaworldcenter-creator.github.io/pc-custom-lab/assets/temp_ml_images/MONGIG340.jpg,1000x1000 px,Fondo blanco puro verificado
MLM3427189891,MONLNX200,Monitores de computadoras,Monitor Lanix Lx215 16577. 21.5 . Full Hd. Mejore Su Visión,https://raw.githubusercontent.com/iaworldcenter-creator/pc-custom-lab/main/assets/temp_ml_images/MONLNX200.jpg,https://iaworldcenter-creator.github.io/pc-custom-lab/assets/temp_ml_images/MONLNX200.jpg,1000x1000 px,Fondo blanco puro verificado
MLM3427201599,MONSTY020,Monitores de computadoras,Monitor 18.5 Stylos Stpmot1b. Display Led De 18.5 Pulgadas P,https://raw.githubusercontent.com/iaworldcenter-creator/pc-custom-lab/main/assets/temp_ml_images/MONSTY020.jpg,https://iaworldcenter-creator.github.io/pc-custom-lab/assets/temp_ml_images/MONSTY020.jpg,1000x1000 px,Fondo blanco puro verificado
MLM3427202213,ACCHUW560,Monitores de computadoras,55027618 Huawei Watch Kids 4 Pro Pink: Pantalla: 1.41  Amole,https://raw.githubusercontent.com/iaworldcenter-creator/pc-custom-lab/main/assets/temp_ml_images/ACCHUW560.jpg,https://iaworldcenter-creator.github.io/pc-custom-lab/assets/temp_ml_images/ACCHUW560.jpg,1000x1000 px,Fondo blanco puro verificado
MLM3427202511,MONLEN1300,Monitores de computadoras,"Monitor Thinkvision T24v-30, 63d8mar3la, Pantalla Ips Fhd De",https://raw.githubusercontent.com/iaworldcenter-creator/pc-custom-lab/main/assets/temp_ml_images/MONLEN1300.jpg,https://iaworldcenter-creator.github.io/pc-custom-lab/assets/temp_ml_images/MONLEN1300.jpg,1000x1000 px,Fondo blanco puro verificado
MLM3427202527,ACCKNS1940,Monitores de computadoras,Pantalla De Privacidad Para Monitores De 23.8  16:9 K60731ww,https://raw.githubusercontent.com/iaworldcenter-creator/pc-custom-lab/main/assets/temp_ml_images/ACCKNS1940.jpg,https://iaworldcenter-creator.github.io/pc-custom-lab/assets/temp_ml_images/ACCKNS1940.jpg,1000x1000 px,Fondo blanco puro verificado
MLM3427202533,ACCPVS850,Monitores de computadoras,Decodificador De Video Provision Isr Dec-0104(1u) 4 Salidas,https://raw.githubusercontent.com/iaworldcenter-creator/pc-custom-lab/main/assets/temp_ml_images/ACCPVS850.jpg,https://iaworldcenter-creator.github.io/pc-custom-lab/assets/temp_ml_images/ACCPVS850.jpg,1000x1000 px,Fondo blanco puro verificado
MLM3427202537,ACCKSA100,Monitores de computadoras,Oxímetro De Pulso Monitor Sanguíneo Modelo Lk87,https://raw.githubusercontent.com/iaworldcenter-creator/pc-custom-lab/main/assets/temp_ml_images/ACCKSA100.jpg,https://iaworldcenter-creator.github.io/pc-custom-lab/assets/temp_ml_images/ACCKSA100.jpg,1000x1000 px,Fondo blanco puro verificado
MLM3427202803,ACCKNS2050,Monitores de computadoras,Pantalla De Privacidad Para Monitores De 13.3  16:10 K52118w,https://raw.githubusercontent.com/iaworldcenter-creator/pc-custom-lab/main/assets/temp_ml_images/ACCKNS2050.jpg,https://iaworldcenter-creator.github.io/pc-custom-lab/assets/temp_ml_images/ACCKNS2050.jpg,1000x1000 px,Fondo blanco puro verificado
MLM3427203129,MONDAH220,Monitores de computadoras,Monitor Dahua Dhi-lm34-e330ca La Resolución De 3440*1440 Pro,https://raw.githubusercontent.com/iaworldcenter-creator/pc-custom-lab/main/assets/temp_ml_images/MONDAH220.jpg,https://iaworldcenter-creator.github.io/pc-custom-lab/assets/temp_ml_images/MONDAH220.jpg,1000x1000 px,Fondo blanco puro verificado
MLM3427203285,IMPZBR2870,Monitores de computadoras,Impresora Portátil De Tickets Zebra Zq210 (zq21-a0e12kl-00).,https://raw.githubusercontent.com/iaworldcenter-creator/pc-custom-lab/main/assets/temp_ml_images/IMPZBR2870.jpg,https://iaworldcenter-creator.github.io/pc-custom-lab/assets/temp_ml_images/IMPZBR2870.jpg,1000x1000 px,Fondo blanco puro verificado
MLM6137653580,MONLGE3690,Monitores de computadoras,"Monitor Marca LG 32 , 32u889sa-w.awm, Pantalla - Tamaño [pul",https://raw.githubusercontent.com/iaworldcenter-creator/pc-custom-lab/main/assets/temp_ml_images/MONLGE3690.jpg,https://iaworldcenter-creator.github.io/pc-custom-lab/assets/temp_ml_images/MONLGE3690.jpg,1000x1000 px,Fondo blanco puro verificado
MLM6137653628,MONDAT030,Monitores de computadoras,Monitor Gaming Xpg 24  120hz Rift R24f2. Resolución: 1920 ×,https://raw.githubusercontent.com/iaworldcenter-creator/pc-custom-lab/main/assets/temp_ml_images/MONDAT030.jpg,https://iaworldcenter-creator.github.io/pc-custom-lab/assets/temp_ml_images/MONDAT030.jpg,1000x1000 px,Fondo blanco puro verificado
MLM6137653656,MONBNQ1310,Monitores de computadoras,Monitor Benq Pd3205u. 9h.lkgla.tba. Led De 31.5 . Wide Scree,https://raw.githubusercontent.com/iaworldcenter-creator/pc-custom-lab/main/assets/temp_ml_images/MONBNQ1310.jpg,https://iaworldcenter-creator.github.io/pc-custom-lab/assets/temp_ml_images/MONBNQ1310.jpg,1000x1000 px,Fondo blanco puro verificado
MLM6137653972,MONGIG320,Monitores de computadoras,Monitor Gamer Gigabyte Gs24f14 Tamaño Del Panel (pulgadas) 2,https://raw.githubusercontent.com/iaworldcenter-creator/pc-custom-lab/main/assets/temp_ml_images/MONGIG320.jpg,https://iaworldcenter-creator.github.io/pc-custom-lab/assets/temp_ml_images/MONGIG320.jpg,1000x1000 px,Fondo blanco puro verificado
MLM6137654130,COMASS9350,Monitores de computadoras,"Computadora Portátil Expertbook B9 Oled, Número De Parte 90n",https://raw.githubusercontent.com/iaworldcenter-creator/pc-custom-lab/main/assets/temp_ml_images/COMASS9350.jpg,https://iaworldcenter-creator.github.io/pc-custom-lab/assets/temp_ml_images/COMASS9350.jpg,1000x1000 px,Fondo blanco puro verificado
MLM6137654344,ACCCYP290,Monitores de computadoras,"Sensor Ambiental Snev001, Monitorea Temperatura Y Humedad. O",https://raw.githubusercontent.com/iaworldcenter-creator/pc-custom-lab/main/assets/temp_ml_images/ACCCYP290.jpg,https://iaworldcenter-creator.github.io/pc-custom-lab/assets/temp_ml_images/ACCCYP290.jpg,1000x1000 px,Fondo blanco puro verificado
MLM6137654522,MONBLR380,Monitores de computadoras,Monitor Gaming Plano 27  180hz: Titán Mtg27y Balam Rush Free,https://raw.githubusercontent.com/iaworldcenter-creator/pc-custom-lab/main/assets/temp_ml_images/MONBLR380.jpg,https://iaworldcenter-creator.github.io/pc-custom-lab/assets/temp_ml_images/MONBLR380.jpg,1000x1000 px,Fondo blanco puro verificado
MLM6137654880,SWTHKV270,Monitores de computadoras,Switch Monitoreable Poe+ Ds-3e1309p-ei / 8 Puertos 10/100 Mb,https://raw.githubusercontent.com/iaworldcenter-creator/pc-custom-lab/main/assets/temp_ml_images/SWTHKV270.jpg,https://iaworldcenter-creator.github.io/pc-custom-lab/assets/temp_ml_images/SWTHKV270.jpg,1000x1000 px,Fondo blanco puro verificado
MLM6137655024,MONNNN140,Monitores de computadoras,"Monitor Gaming Negro Necnon Modelo Nmg-30u2 29.5 , Curvo Ult",https://raw.githubusercontent.com/iaworldcenter-creator/pc-custom-lab/main/assets/temp_ml_images/MONNNN140.jpg,https://iaworldcenter-creator.github.io/pc-custom-lab/assets/temp_ml_images/MONNNN140.jpg,1000x1000 px,Fondo blanco puro verificado
MLM6137655028,LFDSMG1370,Monitores de computadoras,Monitor Profesional Samsung Qm85c; Modelo Lh85qmcebgcxgo; Ta,https://raw.githubusercontent.com/iaworldcenter-creator/pc-custom-lab/main/assets/temp_ml_images/LFDSMG1370.jpg,https://iaworldcenter-creator.github.io/pc-custom-lab/assets/temp_ml_images/LFDSMG1370.jpg,1000x1000 px,Fondo blanco puro verificado
MLM3427188473,MOUACT540,Mouses para computadoras,Mouse Inalámbrico 2.4hz Aero One Mi455a Acteck Conexión Usb,https://raw.githubusercontent.com/iaworldcenter-creator/pc-custom-lab/main/assets/temp_ml_images/MOUACT540.jpg,https://iaworldcenter-creator.github.io/pc-custom-lab/assets/temp_ml_images/MOUACT540.jpg,1000x1000 px,Fondo blanco puro verificado
MLM3427188479,MOUNCB510,Mouses para computadoras,"Mini Mouse Inalámbrico Naceb Arty, Diseño Ergonómico, Conect",https://raw.githubusercontent.com/iaworldcenter-creator/pc-custom-lab/main/assets/temp_ml_images/MOUNCB510.jpg,https://iaworldcenter-creator.github.io/pc-custom-lab/assets/temp_ml_images/MOUNCB510.jpg,1000x1000 px,Fondo blanco puro verificado
MLM3427188483,MOUBLR010,Mouses para computadoras,"Mouse Gaming Kan Gm970 Balam Rush 6 Botones + Scroll, 600/12",https://raw.githubusercontent.com/iaworldcenter-creator/pc-custom-lab/main/assets/temp_ml_images/MOUBLR010.jpg,https://iaworldcenter-creator.github.io/pc-custom-lab/assets/temp_ml_images/MOUBLR010.jpg,1000x1000 px,Fondo blanco puro verificado
MLM3427188537,MOUNCB440,Mouses para computadoras,"Mouse Inalámbrico Naceb, Diseño Ergonómico, Conector Usb, Nu",https://raw.githubusercontent.com/iaworldcenter-creator/pc-custom-lab/main/assets/temp_ml_images/MOUNCB440.jpg,https://iaworldcenter-creator.github.io/pc-custom-lab/assets/temp_ml_images/MOUNCB440.jpg,1000x1000 px,Fondo blanco puro verificado
MLM3427188601,MOUDLL030,Mouses para computadoras,Mouse Inalámbrico Del Wm126 Black 570-aalk El Mouse Óptico I,https://raw.githubusercontent.com/iaworldcenter-creator/pc-custom-lab/main/assets/temp_ml_images/MOUDLL030.jpg,https://iaworldcenter-creator.github.io/pc-custom-lab/assets/temp_ml_images/MOUDLL030.jpg,1000x1000 px,Fondo blanco puro verificado
MLM3427188615,MOULOG1580,Mouses para computadoras,Mouse. Logitech. M100. 910-001601. Conexión Usb Plug & Play.,https://raw.githubusercontent.com/iaworldcenter-creator/pc-custom-lab/main/assets/temp_ml_images/MOULOG1580.jpg,https://iaworldcenter-creator.github.io/pc-custom-lab/assets/temp_ml_images/MOULOG1580.jpg,1000x1000 px,Fondo blanco puro verificado
MLM3427188721,MOUNCB270,Mouses para computadoras,Mouse Alámbrico. Naceb Gamer Na-592ne 800-1200dpi. Usb. 4 Bo,https://raw.githubusercontent.com/iaworldcenter-creator/pc-custom-lab/main/assets/temp_ml_images/MOUNCB270.jpg,https://iaworldcenter-creator.github.io/pc-custom-lab/assets/temp_ml_images/MOUNCB270.jpg,1000x1000 px,Fondo blanco puro verificado
MLM3427188755,MOUACT470,Mouses para computadoras,Mouse Inalámbrico Multidispositivo Virtuos Pro Air Mi766 Act,https://raw.githubusercontent.com/iaworldcenter-creator/pc-custom-lab/main/assets/temp_ml_images/MOUACT470.jpg,https://iaworldcenter-creator.github.io/pc-custom-lab/assets/temp_ml_images/MOUACT470.jpg,1000x1000 px,Fondo blanco puro verificado
MLM3427188827,MOULOG2280,Mouses para computadoras,Logitech G203 910-005852. Listo Para Jugar. Aprovecha Al Máx,https://raw.githubusercontent.com/iaworldcenter-creator/pc-custom-lab/main/assets/temp_ml_images/MOULOG2280.jpg,https://iaworldcenter-creator.github.io/pc-custom-lab/assets/temp_ml_images/MOULOG2280.jpg,1000x1000 px,Fondo blanco puro verificado
MLM3427188863,MOUACT330,Mouses para computadoras,Mouse Inalámbrico Vertical Virtuos Fitt Pro Mi520 Acteck Adv,https://raw.githubusercontent.com/iaworldcenter-creator/pc-custom-lab/main/assets/temp_ml_images/MOUACT330.jpg,https://iaworldcenter-creator.github.io/pc-custom-lab/assets/temp_ml_images/MOUACT330.jpg,1000x1000 px,Fondo blanco puro verificado
MLM3427188873,MOULOG2310,Mouses para computadoras,Logitech M190 910-005902. Mouse Inalámbrico De Tamaño Normal,https://raw.githubusercontent.com/iaworldcenter-creator/pc-custom-lab/main/assets/temp_ml_images/MOULOG2310.jpg,https://iaworldcenter-creator.github.io/pc-custom-lab/assets/temp_ml_images/MOULOG2310.jpg,1000x1000 px,Fondo blanco puro verificado
MLM3427201283,MOUACT200,Mouses para computadoras,Mouse Inalámbrico 2.4hz Optimize Edge Mi460 Advanced Series,https://raw.githubusercontent.com/iaworldcenter-creator/pc-custom-lab/main/assets/temp_ml_images/MOUACT200.jpg,https://iaworldcenter-creator.github.io/pc-custom-lab/assets/temp_ml_images/MOUACT200.jpg,1000x1000 px,Fondo blanco puro verificado
MLM3427201285,MOUACT150,Mouses para computadoras,Mouse Inalámbrico Multiplataforma Bluetooth/2.4hz Optimize T,https://raw.githubusercontent.com/iaworldcenter-creator/pc-custom-lab/main/assets/temp_ml_images/MOUACT150.jpg,https://iaworldcenter-creator.github.io/pc-custom-lab/assets/temp_ml_images/MOUACT150.jpg,1000x1000 px,Fondo blanco puro verificado
MLM3427201387,MOUACT260,Mouses para computadoras,Mouse Inalámbrico Vertical Virtuos Fitt Pro Mi770 Acteck Bat,https://raw.githubusercontent.com/iaworldcenter-creator/pc-custom-lab/main/assets/temp_ml_images/MOUACT260.jpg,https://iaworldcenter-creator.github.io/pc-custom-lab/assets/temp_ml_images/MOUACT260.jpg,1000x1000 px,Fondo blanco puro verificado
MLM3427201397,MOUNCB530,Mouses para computadoras,"Mouse Gamer Naceb Phantom (na-0954), Iluminacion Rgb, Puerto",https://raw.githubusercontent.com/iaworldcenter-creator/pc-custom-lab/main/assets/temp_ml_images/MOUNCB530.jpg,https://iaworldcenter-creator.github.io/pc-custom-lab/assets/temp_ml_images/MOUNCB530.jpg,1000x1000 px,Fondo blanco puro verificado
MLM3427201415,MOUNCB680,Mouses para computadoras,"Naceb Mouse Gamer Alambrico Osiris Rgb Na-0964, Naceb Mouse",https://raw.githubusercontent.com/iaworldcenter-creator/pc-custom-lab/main/assets/temp_ml_images/MOUNCB680.jpg,https://iaworldcenter-creator.github.io/pc-custom-lab/assets/temp_ml_images/MOUNCB680.jpg,1000x1000 px,Fondo blanco puro verificado
MLM3427201423,MOUNCB690,Mouses para computadoras,"Naceb Mouse Gamer Alambrico Obelisk Rgb Na-0965 Na-0965, Nac",https://raw.githubusercontent.com/iaworldcenter-creator/pc-custom-lab/main/assets/temp_ml_images/MOUNCB690.jpg,https://iaworldcenter-creator.github.io/pc-custom-lab/assets/temp_ml_images/MOUNCB690.jpg,1000x1000 px,Fondo blanco puro verificado
MLM3427201441,MOULOG2250,Mouses para computadoras,Mouse Logitech 910-005794. Listo Para Jugar. Aprovecha Al Má,https://raw.githubusercontent.com/iaworldcenter-creator/pc-custom-lab/main/assets/temp_ml_images/MOULOG2250.jpg,https://iaworldcenter-creator.github.io/pc-custom-lab/assets/temp_ml_images/MOULOG2250.jpg,1000x1000 px,Fondo blanco puro verificado
MLM3427201451,MOULOG2790,Mouses para computadoras,Mouse Logitech. M170 910-006862. El M170 Está Listo A La Vez,https://raw.githubusercontent.com/iaworldcenter-creator/pc-custom-lab/main/assets/temp_ml_images/MOULOG2790.jpg,https://iaworldcenter-creator.github.io/pc-custom-lab/assets/temp_ml_images/MOULOG2790.jpg,1000x1000 px,Fondo blanco puro verificado
MLM3427201649,MOUNCB400,Mouses para computadoras,"Mouse Alámbrico Naceb, Diseño Ergonómico, Conector Usb, Nume",https://raw.githubusercontent.com/iaworldcenter-creator/pc-custom-lab/main/assets/temp_ml_images/MOUNCB400.jpg,https://iaworldcenter-creator.github.io/pc-custom-lab/assets/temp_ml_images/MOUNCB400.jpg,1000x1000 px,Fondo blanco puro verificado
MLM3427201767,MOUVGO560,Mouses para computadoras,Mouse Vorago Mo-305-bk Slim Led Rgb Inalambrico Recargable N,https://raw.githubusercontent.com/iaworldcenter-creator/pc-custom-lab/main/assets/temp_ml_images/MOUVGO560.jpg,https://iaworldcenter-creator.github.io/pc-custom-lab/assets/temp_ml_images/MOUVGO560.jpg,1000x1000 px,Fondo blanco puro verificado
MLM3427201887,MOULOG3150,Mouses para computadoras,Mouse Logi M196 910-007456. El Confiable Mouse Bluetooth Que,https://raw.githubusercontent.com/iaworldcenter-creator/pc-custom-lab/main/assets/temp_ml_images/MOULOG3150.jpg,https://iaworldcenter-creator.github.io/pc-custom-lab/assets/temp_ml_images/MOULOG3150.jpg,1000x1000 px,Fondo blanco puro verificado
MLM6137653098,MOUYEY090,Mouses para computadoras,"Mouse Gamer Gram Series 2000, Negro - Yeyian Ymg-24110n, Dis",https://raw.githubusercontent.com/iaworldcenter-creator/pc-custom-lab/main/assets/temp_ml_images/MOUYEY090.jpg,https://iaworldcenter-creator.github.io/pc-custom-lab/assets/temp_ml_images/MOUYEY090.jpg,1000x1000 px,Fondo blanco puro verificado
MLM6137653120,MOUMST1140,Mouses para computadoras,Mini Mouse Óptico Retráctil. Easy Line. El-993346. Alambrico,https://raw.githubusercontent.com/iaworldcenter-creator/pc-custom-lab/main/assets/temp_ml_images/MOUMST1140.jpg,https://iaworldcenter-creator.github.io/pc-custom-lab/assets/temp_ml_images/MOUMST1140.jpg,1000x1000 px,Fondo blanco puro verificado
MLM6137653274,MOULOG1570,Mouses para computadoras,Mouse Inalámbrico. Logitech. M185. 910-002225. Nano Receptor,https://raw.githubusercontent.com/iaworldcenter-creator/pc-custom-lab/main/assets/temp_ml_images/MOULOG1570.jpg,https://iaworldcenter-creator.github.io/pc-custom-lab/assets/temp_ml_images/MOULOG1570.jpg,1000x1000 px,Fondo blanco puro verificado
MLM6137653324,MOUACT480,Mouses para computadoras,Mouse Inalámbrico 2.4hz Instict Click Mi484 Acteck Conexión,https://raw.githubusercontent.com/iaworldcenter-creator/pc-custom-lab/main/assets/temp_ml_images/MOUACT480.jpg,https://iaworldcenter-creator.github.io/pc-custom-lab/assets/temp_ml_images/MOUACT480.jpg,1000x1000 px,Fondo blanco puro verificado
MLM6137653348,MOUACT230,Mouses para computadoras,Mouse Inalámbrico Optimize Ergo Mi680 Acteck Elite Series Re,https://raw.githubusercontent.com/iaworldcenter-creator/pc-custom-lab/main/assets/temp_ml_images/MOUACT230.jpg,https://iaworldcenter-creator.github.io/pc-custom-lab/assets/temp_ml_images/MOUACT230.jpg,1000x1000 px,Fondo blanco puro verificado
MLM6137653384,MOUGET040,Mouses para computadoras,"Mouse Getttech Inalámbrico Modelo Gac-24406b, Colorful, 1,60",https://raw.githubusercontent.com/iaworldcenter-creator/pc-custom-lab/main/assets/temp_ml_images/MOUGET040.jpg,https://iaworldcenter-creator.github.io/pc-custom-lab/assets/temp_ml_images/MOUGET040.jpg,1000x1000 px,Fondo blanco puro verificado
MLM6137653408,MOULOG3300,Mouses para computadoras,"Mouse Logi Mx Master 3s 910-007502. Éste Es Mx Master 3s, Un",https://raw.githubusercontent.com/iaworldcenter-creator/pc-custom-lab/main/assets/temp_ml_images/MOULOG3300.jpg,https://iaworldcenter-creator.github.io/pc-custom-lab/assets/temp_ml_images/MOULOG3300.jpg,1000x1000 px,Fondo blanco puro verificado
MLM6137653498,MOULOG1960,Mouses para computadoras,Logitech G502 910-005566. El Mouse G502 Es Todo Un Icono Que,https://raw.githubusercontent.com/iaworldcenter-creator/pc-custom-lab/main/assets/temp_ml_images/MOULOG1960.jpg,https://iaworldcenter-creator.github.io/pc-custom-lab/assets/temp_ml_images/MOULOG1960.jpg,1000x1000 px,Fondo blanco puro verificado
MLM6137653512,MOUBLR190,Mouses para computadoras,Mouse Gamer Alambrico Speedr Evo Mg939 Balam Rush Conexión U,https://raw.githubusercontent.com/iaworldcenter-creator/pc-custom-lab/main/assets/temp_ml_images/MOUBLR190.jpg,https://iaworldcenter-creator.github.io/pc-custom-lab/assets/temp_ml_images/MOUBLR190.jpg,1000x1000 px,Fondo blanco puro verificado
MLM6137653566,MOUKNS180,Mouses para computadoras,El Mouse Inalámbrico Dual Suretrack K75352ww Kensington. Am,https://raw.githubusercontent.com/iaworldcenter-creator/pc-custom-lab/main/assets/temp_ml_images/MOUKNS180.jpg,https://iaworldcenter-creator.github.io/pc-custom-lab/assets/temp_ml_images/MOUKNS180.jpg,1000x1000 px,Fondo blanco puro verificado
MLM3427189323,CPUEVO1170,Discos duros y SSDs,"Computadora Evotec Ev-i512-vertec-23 Intel I5-12400, 16 Gb,",https://raw.githubusercontent.com/iaworldcenter-creator/pc-custom-lab/main/assets/temp_ml_images/CPUEVO1170.jpg,https://iaworldcenter-creator.github.io/pc-custom-lab/assets/temp_ml_images/CPUEVO1170.jpg,1000x1000 px,Fondo blanco puro verificado
MLM3427189559,DDUKGT2070,Discos duros y SSDs,Ssd Kc3000 Pcie Nvme M.2 Kingston 512gb Skc3000s/512g,https://raw.githubusercontent.com/iaworldcenter-creator/pc-custom-lab/main/assets/temp_ml_images/DDUKGT2070.jpg,https://iaworldcenter-creator.github.io/pc-custom-lab/assets/temp_ml_images/DDUKGT2070.jpg,1000x1000 px,Fondo blanco puro verificado
MLM3427189569,DDUWSD1420,Discos duros y SSDs,"Disco Duro Western Digital Ultrastar 0b36404 8tb 3.5, Factor",https://raw.githubusercontent.com/iaworldcenter-creator/pc-custom-lab/main/assets/temp_ml_images/DDUWSD1420.jpg,https://iaworldcenter-creator.github.io/pc-custom-lab/assets/temp_ml_images/DDUWSD1420.jpg,1000x1000 px,Fondo blanco puro verificado
MLM3427189601,SERCLO950,Discos duros y SSDs,"Servidor Virtual Básico, So Linux, 1vcpu, 2gb Ram, 50gb Dd S",https://raw.githubusercontent.com/iaworldcenter-creator/pc-custom-lab/main/assets/temp_ml_images/SERCLO950.jpg,https://iaworldcenter-creator.github.io/pc-custom-lab/assets/temp_ml_images/SERCLO950.jpg,1000x1000 px,Fondo blanco puro verificado
MLM3427189605,DDUTRD030,Discos duros y SSDs,Synology Hat3300-4t Disco Duro 4tb / 5400rpm / Serie Plus Di,https://raw.githubusercontent.com/iaworldcenter-creator/pc-custom-lab/main/assets/temp_ml_images/DDUTRD030.jpg,https://iaworldcenter-creator.github.io/pc-custom-lab/assets/temp_ml_images/DDUTRD030.jpg,1000x1000 px,Fondo blanco puro verificado
MLM3427189723,CPUEVO1180,Discos duros y SSDs,"Computadora Evotec Ev-i312-vertecplus-24 Intel I3-12100, 8gb",https://raw.githubusercontent.com/iaworldcenter-creator/pc-custom-lab/main/assets/temp_ml_images/CPUEVO1180.jpg,https://iaworldcenter-creator.github.io/pc-custom-lab/assets/temp_ml_images/CPUEVO1180.jpg,1000x1000 px,Fondo blanco puro verificado
MLM3427189837,DDUSTY010,Discos duros y SSDs,Stylos Ssd Sataiii 120g Stmssd1b. Solid State Drive 120gb. T,https://raw.githubusercontent.com/iaworldcenter-creator/pc-custom-lab/main/assets/temp_ml_images/DDUSTY010.jpg,https://iaworldcenter-creator.github.io/pc-custom-lab/assets/temp_ml_images/DDUSTY010.jpg,1000x1000 px,Fondo blanco puro verificado
MLM3427189849,DDUSTY030,Discos duros y SSDs,Stylos Ssd Sataiii 480g Stmssd3b. Soporta Funciones S.m.a.r.,https://raw.githubusercontent.com/iaworldcenter-creator/pc-custom-lab/main/assets/temp_ml_images/DDUSTY030.jpg,https://iaworldcenter-creator.github.io/pc-custom-lab/assets/temp_ml_images/DDUSTY030.jpg,1000x1000 px,Fondo blanco puro verificado
MLM3427190253,DDUSAT960,Discos duros y SSDs,Disco Duro Wd Purple Modelo Wd10purz De 1tb.,https://raw.githubusercontent.com/iaworldcenter-creator/pc-custom-lab/main/assets/temp_ml_images/DDUSAT960.jpg,https://iaworldcenter-creator.github.io/pc-custom-lab/assets/temp_ml_images/DDUSAT960.jpg,1000x1000 px,Fondo blanco puro verificado
MLM3427201921,DDULEN1040,Discos duros y SSDs,"Disco Duro Lenovo Thinksystem 7xb7a00069, Capacidad De 2.4 T",https://raw.githubusercontent.com/iaworldcenter-creator/pc-custom-lab/main/assets/temp_ml_images/DDULEN1040.jpg,https://iaworldcenter-creator.github.io/pc-custom-lab/assets/temp_ml_images/DDULEN1040.jpg,1000x1000 px,Fondo blanco puro verificado
MLM3427201923,DDUDLL1610,Discos duros y SSDs,Disco Duro Dell 400-atkj 2tb 7.2k Rpm Sata 6gbps 512n 3.5in,https://raw.githubusercontent.com/iaworldcenter-creator/pc-custom-lab/main/assets/temp_ml_images/DDUDLL1610.jpg,https://iaworldcenter-creator.github.io/pc-custom-lab/assets/temp_ml_images/DDUDLL1610.jpg,1000x1000 px,Fondo blanco puro verificado
MLM3427201987,DDUWSD2040,Discos duros y SSDs,"Disco Duro Wd Red Plus Modelo Wd120efbx De 12tb, 256mb Cache",https://raw.githubusercontent.com/iaworldcenter-creator/pc-custom-lab/main/assets/temp_ml_images/DDUWSD2040.jpg,https://iaworldcenter-creator.github.io/pc-custom-lab/assets/temp_ml_images/DDUWSD2040.jpg,1000x1000 px,Fondo blanco puro verificado
MLM3427202435,DDUWSD2520,Discos duros y SSDs,"Disco Duro Western Digital Red Pro Wd240kfgx 24tb, Formato:",https://raw.githubusercontent.com/iaworldcenter-creator/pc-custom-lab/main/assets/temp_ml_images/DDUWSD2520.jpg,https://iaworldcenter-creator.github.io/pc-custom-lab/assets/temp_ml_images/DDUWSD2520.jpg,1000x1000 px,Fondo blanco puro verificado
MLM3427202453,DDUWSD2310,Discos duros y SSDs,"Disco Duro Wd Red Plus Modelo Wd60efpx De 6tb, 256mb Cache",https://raw.githubusercontent.com/iaworldcenter-creator/pc-custom-lab/main/assets/temp_ml_images/DDUWSD2310.jpg,https://iaworldcenter-creator.github.io/pc-custom-lab/assets/temp_ml_images/DDUWSD2310.jpg,1000x1000 px,Fondo blanco puro verificado
MLM3427202457,DDUKGT2010,Discos duros y SSDs,Ssd Kc600 2.5 Kingston 256gb Skc600ms/256g,https://raw.githubusercontent.com/iaworldcenter-creator/pc-custom-lab/main/assets/temp_ml_images/DDUKGT2010.jpg,https://iaworldcenter-creator.github.io/pc-custom-lab/assets/temp_ml_images/DDUKGT2010.jpg,1000x1000 px,Fondo blanco puro verificado
MLM3427202469,DDUTOS1080,Discos duros y SSDs,"Disco Duro Interno Toshiba 10tb, Mg10-d 7200rpm, Cache Satai",https://raw.githubusercontent.com/iaworldcenter-creator/pc-custom-lab/main/assets/temp_ml_images/DDUTOS1080.jpg,https://iaworldcenter-creator.github.io/pc-custom-lab/assets/temp_ml_images/DDUTOS1080.jpg,1000x1000 px,Fondo blanco puro verificado
MLM3427202605,DDULEN1070,Discos duros y SSDs,Disco Duro Lenovo Thinksystem Sff/2.5  (4xb7a83970) 2.4tb 10,https://raw.githubusercontent.com/iaworldcenter-creator/pc-custom-lab/main/assets/temp_ml_images/DDULEN1070.jpg,https://iaworldcenter-creator.github.io/pc-custom-lab/assets/temp_ml_images/DDULEN1070.jpg,1000x1000 px,Fondo blanco puro verificado
MLM3427202749,DDUWSD2110,Discos duros y SSDs,Disco Duro Wd Purple Modelo Wd43purz De 4tb.,https://raw.githubusercontent.com/iaworldcenter-creator/pc-custom-lab/main/assets/temp_ml_images/DDUWSD2110.jpg,https://iaworldcenter-creator.github.io/pc-custom-lab/assets/temp_ml_images/DDUWSD2110.jpg,1000x1000 px,Fondo blanco puro verificado
MLM3427202923,DDUWSD1820,Discos duros y SSDs,"Disco Duro Wd Red Modelo Wd101efbx De 10tb, 256mb Cache",https://raw.githubusercontent.com/iaworldcenter-creator/pc-custom-lab/main/assets/temp_ml_images/DDUWSD1820.jpg,https://iaworldcenter-creator.github.io/pc-custom-lab/assets/temp_ml_images/DDUWSD1820.jpg,1000x1000 px,Fondo blanco puro verificado
MLM3427203319,DDUWSD3050,Discos duros y SSDs,Disco Duro Western Digital Black Wdba5g0050bbk-wesn 5tb Para,https://raw.githubusercontent.com/iaworldcenter-creator/pc-custom-lab/main/assets/temp_ml_images/DDUWSD3050.jpg,https://iaworldcenter-creator.github.io/pc-custom-lab/assets/temp_ml_images/DDUWSD3050.jpg,1000x1000 px,Fondo blanco puro verificado
MLM6137653402,DDUWSD2130,Discos duros y SSDs,"Disco Duro Wd Red Plus Modelo Wd40efpx De 4tb, 256mb Cache",https://raw.githubusercontent.com/iaworldcenter-creator/pc-custom-lab/main/assets/temp_ml_images/DDUWSD2130.jpg,https://iaworldcenter-creator.github.io/pc-custom-lab/assets/temp_ml_images/DDUWSD2130.jpg,1000x1000 px,Fondo blanco puro verificado
MLM6137653532,DDUKGT2310,Discos duros y SSDs,Ssd Dc600m 2.5 Kingston 480gb Sedc600m/480g,https://raw.githubusercontent.com/iaworldcenter-creator/pc-custom-lab/main/assets/temp_ml_images/DDUKGT2310.jpg,https://iaworldcenter-creator.github.io/pc-custom-lab/assets/temp_ml_images/DDUKGT2310.jpg,1000x1000 px,Fondo blanco puro verificado
MLM6137653632,DDUWSD3130,Discos duros y SSDs,"Disco Duro Western Digital Red Pro Wd6003ffbx 6tb 3.5, Facto",https://raw.githubusercontent.com/iaworldcenter-creator/pc-custom-lab/main/assets/temp_ml_images/DDUWSD3130.jpg,https://iaworldcenter-creator.github.io/pc-custom-lab/assets/temp_ml_images/DDUWSD3130.jpg,1000x1000 px,Fondo blanco puro verificado
MLM6137653726,DDUKGT2330,Discos duros y SSDs,Ssd Dc600m 2.5 Kingston 1920gb Sedc600m/1920g,https://raw.githubusercontent.com/iaworldcenter-creator/pc-custom-lab/main/assets/temp_ml_images/DDUKGT2330.jpg,https://iaworldcenter-creator.github.io/pc-custom-lab/assets/temp_ml_images/DDUKGT2330.jpg,1000x1000 px,Fondo blanco puro verificado
MLM6137654250,ACCMTD290,Discos duros y SSDs,"Ops Para Pantalla Interactiva Jc Touch Version I5, 4gb Ram,",https://raw.githubusercontent.com/iaworldcenter-creator/pc-custom-lab/main/assets/temp_ml_images/ACCMTD290.jpg,https://iaworldcenter-creator.github.io/pc-custom-lab/assets/temp_ml_images/ACCMTD290.jpg,1000x1000 px,Fondo blanco puro verificado
MLM6137654820,DDUHPE1290,Discos duros y SSDs,Disco Duro Ssd Hpe (p47818-h21) 480 Gb Sata 6g Lectura Inten,https://raw.githubusercontent.com/iaworldcenter-creator/pc-custom-lab/main/assets/temp_ml_images/DDUHPE1290.jpg,https://iaworldcenter-creator.github.io/pc-custom-lab/assets/temp_ml_images/DDUHPE1290.jpg,1000x1000 px,Fondo blanco puro verificado
MLM6137655008,CPUVGO5790,Discos duros y SSDs,Computadora Vorago Slimebay 5 Cpu Vorago Sb5 I7 12700-tr-20,https://raw.githubusercontent.com/iaworldcenter-creator/pc-custom-lab/main/assets/temp_ml_images/CPUVGO5790.jpg,https://iaworldcenter-creator.github.io/pc-custom-lab/assets/temp_ml_images/CPUVGO5790.jpg,1000x1000 px,Fondo blanco puro verificado
MLM6137655056,DDUWSD1230,Discos duros y SSDs,Disco Duro Wd De 1tb Blue 7mm Modelo Wd10spzx,https://raw.githubusercontent.com/iaworldcenter-creator/pc-custom-lab/main/assets/temp_ml_images/DDUWSD1230.jpg,https://iaworldcenter-creator.github.io/pc-custom-lab/assets/temp_ml_images/DDUWSD1230.jpg,1000x1000 px,Fondo blanco puro verificado
MLM3427188879,MEMKGN5070,Memorias RAM,Memoria Kingston 8gb 3200mt/s Ddr4 Non-ecc Cl22 Dimm 1rx8 Kv,https://raw.githubusercontent.com/iaworldcenter-creator/pc-custom-lab/main/assets/temp_ml_images/MEMKGN5070.jpg,https://iaworldcenter-creator.github.io/pc-custom-lab/assets/temp_ml_images/MEMKGN5070.jpg,1000x1000 px,Fondo blanco puro verificado
MLM3427189179,MEMHPE580,Memorias RAM,Memoria Ram Hpe 64gb (p64707-b21) Dual Rank X4 Ddr5-5600 Cas,https://raw.githubusercontent.com/iaworldcenter-creator/pc-custom-lab/main/assets/temp_ml_images/MEMHPE580.jpg,https://iaworldcenter-creator.github.io/pc-custom-lab/assets/temp_ml_images/MEMHPE580.jpg,1000x1000 px,Fondo blanco puro verificado
MLM3427189853,MEMDAT6800,Memorias RAM,"Memoria Ram Adata Xpg Spectrix D35g, Ddr4 8gb Udimm 3200mhz,",https://raw.githubusercontent.com/iaworldcenter-creator/pc-custom-lab/main/assets/temp_ml_images/MEMDAT6800.jpg,https://iaworldcenter-creator.github.io/pc-custom-lab/assets/temp_ml_images/MEMDAT6800.jpg,1000x1000 px,Fondo blanco puro verificado
MLM3427190349,MEMDAT7250,Memorias RAM,"Memoria Ram Adata Xpg Lancer Blade, Ddr5 8gb Udimm 5600mt/s.",https://raw.githubusercontent.com/iaworldcenter-creator/pc-custom-lab/main/assets/temp_ml_images/MEMDAT7250.jpg,https://iaworldcenter-creator.github.io/pc-custom-lab/assets/temp_ml_images/MEMDAT7250.jpg,1000x1000 px,Fondo blanco puro verificado
MLM3427201373,MEMDAT7340,Memorias RAM,"Memoria Ram Adata Xpg Lancer Neon Rgb, Ddr5 16gb Udimm 6400m",https://raw.githubusercontent.com/iaworldcenter-creator/pc-custom-lab/main/assets/temp_ml_images/MEMDAT7340.jpg,https://iaworldcenter-creator.github.io/pc-custom-lab/assets/temp_ml_images/MEMDAT7340.jpg,1000x1000 px,Fondo blanco puro verificado
MLM3427201543,MEMDAT7410,Memorias RAM,"Memoria Ram Adata Xpg Hunter, Ddr5 8gb Sodimm 5600mt/s. Disi",https://raw.githubusercontent.com/iaworldcenter-creator/pc-custom-lab/main/assets/temp_ml_images/MEMDAT7410.jpg,https://iaworldcenter-creator.github.io/pc-custom-lab/assets/temp_ml_images/MEMDAT7410.jpg,1000x1000 px,Fondo blanco puro verificado
MLM3427202017,MEMLEN450,Memorias RAM,Memoria Ram Lenovo Thinksystem (4x77a99751) 16gb Truddr5 560,https://raw.githubusercontent.com/iaworldcenter-creator/pc-custom-lab/main/assets/temp_ml_images/MEMLEN450.jpg,https://iaworldcenter-creator.github.io/pc-custom-lab/assets/temp_ml_images/MEMLEN450.jpg,1000x1000 px,Fondo blanco puro verificado
MLM3427202117,MEMHPE510,Memorias RAM,Memoria Ram Hpe (p07642-b21) 16 Gb (1 X 16 Gb) Rango Dual X8,https://raw.githubusercontent.com/iaworldcenter-creator/pc-custom-lab/main/assets/temp_ml_images/MEMHPE510.jpg,https://iaworldcenter-creator.github.io/pc-custom-lab/assets/temp_ml_images/MEMHPE510.jpg,1000x1000 px,Fondo blanco puro verificado
MLM3427202475,MEMKGN4990,Memorias RAM,Memoria Kingston 8gb 3200mt/s Ddr4 Non-ecc Cl22 Sodimm 1rx8,https://raw.githubusercontent.com/iaworldcenter-creator/pc-custom-lab/main/assets/temp_ml_images/MEMKGN4990.jpg,https://iaworldcenter-creator.github.io/pc-custom-lab/assets/temp_ml_images/MEMKGN4990.jpg,1000x1000 px,Fondo blanco puro verificado
MLM3427202649,MEMHPE480,Memorias RAM,Memoria Ram Hpe (p43322-b21) 16 Gb (1 X 16gb) Rango Único X8,https://raw.githubusercontent.com/iaworldcenter-creator/pc-custom-lab/main/assets/temp_ml_images/MEMHPE480.jpg,https://iaworldcenter-creator.github.io/pc-custom-lab/assets/temp_ml_images/MEMHPE480.jpg,1000x1000 px,Fondo blanco puro verificado
MLM3427203107,MEMKGN3690,Memorias RAM,Memoria Kingston Propietaria 32gb 3200mt/s Ddr4 Cl22 Dimm 1.,https://raw.githubusercontent.com/iaworldcenter-creator/pc-custom-lab/main/assets/temp_ml_images/MEMKGN3690.jpg,https://iaworldcenter-creator.github.io/pc-custom-lab/assets/temp_ml_images/MEMKGN3690.jpg,1000x1000 px,Fondo blanco puro verificado
MLM3427203115,MEMKGN2710,Memorias RAM,Memoria Kingston Propietaria 32gb Ddr4 3200mt/s Non-ecc Unbu,https://raw.githubusercontent.com/iaworldcenter-creator/pc-custom-lab/main/assets/temp_ml_images/MEMKGN2710.jpg,https://iaworldcenter-creator.github.io/pc-custom-lab/assets/temp_ml_images/MEMKGN2710.jpg,1000x1000 px,Fondo blanco puro verificado
MLM6137653730,MEMKGN3470,Memorias RAM,Memoria Kingston 16gb 3200mhz Ddr4 Non-ecc Cl22 Dimm 1rx8 Kv,https://raw.githubusercontent.com/iaworldcenter-creator/pc-custom-lab/main/assets/temp_ml_images/MEMKGN3470.jpg,https://iaworldcenter-creator.github.io/pc-custom-lab/assets/temp_ml_images/MEMKGN3470.jpg,1000x1000 px,Fondo blanco puro verificado
MLM6137654272,MEMKGN6000,Memorias RAM,Memoria Kingston Propietaria 32gb Ddr4 3200mt/s Ecc Register,https://raw.githubusercontent.com/iaworldcenter-creator/pc-custom-lab/main/assets/temp_ml_images/MEMKGN6000.jpg,https://iaworldcenter-creator.github.io/pc-custom-lab/assets/temp_ml_images/MEMKGN6000.jpg,1000x1000 px,Fondo blanco puro verificado
MLM6137654300,MEMDAT6830,Memorias RAM,"Memoria Ram Adata Xpg Spectrix D35g, Ddr4 16gb Udimm 3200mhz",https://raw.githubusercontent.com/iaworldcenter-creator/pc-custom-lab/main/assets/temp_ml_images/MEMDAT6830.jpg,https://iaworldcenter-creator.github.io/pc-custom-lab/assets/temp_ml_images/MEMDAT6830.jpg,1000x1000 px,Fondo blanco puro verificado
MLM6137654314,MEMKGN3510,Memorias RAM,Memoria Kingston Propietaria 8gb Ddr4 3200mt/s Ddr4 Cl22 Dim,https://raw.githubusercontent.com/iaworldcenter-creator/pc-custom-lab/main/assets/temp_ml_images/MEMKGN3510.jpg,https://iaworldcenter-creator.github.io/pc-custom-lab/assets/temp_ml_images/MEMKGN3510.jpg,1000x1000 px,Fondo blanco puro verificado
MLM6137654416,MEMKGN5150,Memorias RAM,Memoria Kingston 8gb 1600mt/s Ddr3l Non-ecc Cl11 Dimm 1.35v(,https://raw.githubusercontent.com/iaworldcenter-creator/pc-custom-lab/main/assets/temp_ml_images/MEMKGN5150.jpg,https://iaworldcenter-creator.github.io/pc-custom-lab/assets/temp_ml_images/MEMKGN5150.jpg,1000x1000 px,Fondo blanco puro verificado
MLM6137654744,MEMHPE490,Memorias RAM,Memoria Ram Hpe (p43328-k21) 32 Gb (1 X 32 Gb) Rango Dual X8,https://raw.githubusercontent.com/iaworldcenter-creator/pc-custom-lab/main/assets/temp_ml_images/MEMHPE490.jpg,https://iaworldcenter-creator.github.io/pc-custom-lab/assets/temp_ml_images/MEMHPE490.jpg,1000x1000 px,Fondo blanco puro verificado
MLM6137655084,MEMKGN5010,Memorias RAM,Memoria Kingston Propietaria 16gb Ddr5 5600mt/s Non-ecc Unbu,https://raw.githubusercontent.com/iaworldcenter-creator/pc-custom-lab/main/assets/temp_ml_images/MEMKGN5010.jpg,https://iaworldcenter-creator.github.io/pc-custom-lab/assets/temp_ml_images/MEMKGN5010.jpg,1000x1000 px,Fondo blanco puro verificado
MLM3427188445,KITNCB150,Kits de teclado y mouse,"Kit Gamer Naceb 4 En 1 Na-0934 Mouse: Interfaz Usb, 4 Botone",https://raw.githubusercontent.com/iaworldcenter-creator/pc-custom-lab/main/assets/temp_ml_images/KITNCB150.jpg,https://iaworldcenter-creator.github.io/pc-custom-lab/assets/temp_ml_images/KITNCB150.jpg,1000x1000 px,Fondo blanco puro verificado
MLM3427188775,KITNCB020,Kits de teclado y mouse,"Kit Teclado Con Bocinas Y Mouse, Interfaz Usb Alámbrico Mode",https://raw.githubusercontent.com/iaworldcenter-creator/pc-custom-lab/main/assets/temp_ml_images/KITNCB020.jpg,https://iaworldcenter-creator.github.io/pc-custom-lab/assets/temp_ml_images/KITNCB020.jpg,1000x1000 px,Fondo blanco puro verificado
MLM3427188821,KITMST1290,Kits de teclado y mouse,Kit Teclado / Mouse. Balance. Easy Line. El-993391. Conexión,https://raw.githubusercontent.com/iaworldcenter-creator/pc-custom-lab/main/assets/temp_ml_images/KITMST1290.jpg,https://iaworldcenter-creator.github.io/pc-custom-lab/assets/temp_ml_images/KITMST1290.jpg,1000x1000 px,Fondo blanco puro verificado
MLM3427188867,KITYEY030,Kits de teclado y mouse,"Kit Yeyian Led Ykp-20706 Phoenix 3000, Teclado Y Mouse Gamin",https://raw.githubusercontent.com/iaworldcenter-creator/pc-custom-lab/main/assets/temp_ml_images/KITYEY030.jpg,https://iaworldcenter-creator.github.io/pc-custom-lab/assets/temp_ml_images/KITYEY030.jpg,1000x1000 px,Fondo blanco puro verificado
MLM3427201299,KITNNN020,Kits de teclado y mouse,"Kit Gaming 4 En 1 Necnon Modelo Ngc-kraken Led Multicolor, A",https://raw.githubusercontent.com/iaworldcenter-creator/pc-custom-lab/main/assets/temp_ml_images/KITNNN020.jpg,https://iaworldcenter-creator.github.io/pc-custom-lab/assets/temp_ml_images/KITNNN020.jpg,1000x1000 px,Fondo blanco puro verificado
MLM3427201323,KITYEY050,Kits de teclado y mouse,Kit De Teclado Y Mouse Led Gaming Yeyian Ykp-20704 Phoenix20,https://raw.githubusercontent.com/iaworldcenter-creator/pc-custom-lab/main/assets/temp_ml_images/KITYEY050.jpg,https://iaworldcenter-creator.github.io/pc-custom-lab/assets/temp_ml_images/KITYEY050.jpg,1000x1000 px,Fondo blanco puro verificado
MLM3427201433,KITRBT320,Kits de teclado y mouse,Kit Teclado Y Mouse Recargable Bluetooth Y Radiofrecuencia M,https://raw.githubusercontent.com/iaworldcenter-creator/pc-custom-lab/main/assets/temp_ml_images/KITRBT320.jpg,https://iaworldcenter-creator.github.io/pc-custom-lab/assets/temp_ml_images/KITRBT320.jpg,1000x1000 px,Fondo blanco puro verificado
MLM3427201557,KITACT1110,Kits de teclado y mouse,Kit Teclado Y Mouse Inalámbricos Slim Creator Edge Mk675 Eli,https://raw.githubusercontent.com/iaworldcenter-creator/pc-custom-lab/main/assets/temp_ml_images/KITACT1110.jpg,https://iaworldcenter-creator.github.io/pc-custom-lab/assets/temp_ml_images/KITACT1110.jpg,1000x1000 px,Fondo blanco puro verificado
MLM3427201559,KITVGO070,Kits de teclado y mouse,"Kit Teclado Mouse. Vorago. Km-302. Inalambrico. Mouse: Usb,",https://raw.githubusercontent.com/iaworldcenter-creator/pc-custom-lab/main/assets/temp_ml_images/KITVGO070.jpg,https://iaworldcenter-creator.github.io/pc-custom-lab/assets/temp_ml_images/KITVGO070.jpg,1000x1000 px,Fondo blanco puro verificado
MLM3427201603,KITTCH380,Kits de teclado y mouse,Kit De Teclado Y Mouse Inalámbrico Tz20comb02-ina Marca Tech,https://raw.githubusercontent.com/iaworldcenter-creator/pc-custom-lab/main/assets/temp_ml_images/KITTCH380.jpg,https://iaworldcenter-creator.github.io/pc-custom-lab/assets/temp_ml_images/KITTCH380.jpg,1000x1000 px,Fondo blanco puro verificado
MLM6137653054,KITQIA120,Kits de teclado y mouse,"Kit De Teclado Y Mouse Qian Xie Qkx-20603, Alambrico Multime",https://raw.githubusercontent.com/iaworldcenter-creator/pc-custom-lab/main/assets/temp_ml_images/KITQIA120.jpg,https://iaworldcenter-creator.github.io/pc-custom-lab/assets/temp_ml_images/KITQIA120.jpg,1000x1000 px,Fondo blanco puro verificado
MLM6137653056,ACCLEN2180,Kits de teclado y mouse,"Kit Teclado Y Mouse Lenovo Profesional 4x30h56831 Español, C",https://raw.githubusercontent.com/iaworldcenter-creator/pc-custom-lab/main/assets/temp_ml_images/ACCLEN2180.jpg,https://iaworldcenter-creator.github.io/pc-custom-lab/assets/temp_ml_images/ACCLEN2180.jpg,1000x1000 px,Fondo blanco puro verificado
MLM6137653066,KITITL030,Kits de teclado y mouse,"178990 Kit Teclado Y Mouse Inalámbrico, Una Conexión Usb-don",https://raw.githubusercontent.com/iaworldcenter-creator/pc-custom-lab/main/assets/temp_ml_images/KITITL030.jpg,https://iaworldcenter-creator.github.io/pc-custom-lab/assets/temp_ml_images/KITITL030.jpg,1000x1000 px,Fondo blanco puro verificado
MLM3427189539,IMPEPS300,Fuentes de alimentacion para...,Fuente De Poder Ps-180-343 (c825343) Para Impresoras Epson T,https://raw.githubusercontent.com/iaworldcenter-creator/pc-custom-lab/main/assets/temp_ml_images/IMPEPS300.jpg,https://iaworldcenter-creator.github.io/pc-custom-lab/assets/temp_ml_images/IMPEPS300.jpg,1000x1000 px,Fondo blanco puro verificado
MLM3427189549,ACCDAH800,Fuentes de alimentacion para...,"Fuente De Poder, 12v A 4 Amp, Color Negro, Ideal Para Equipo",https://raw.githubusercontent.com/iaworldcenter-creator/pc-custom-lab/main/assets/temp_ml_images/ACCDAH800.jpg,https://iaworldcenter-creator.github.io/pc-custom-lab/assets/temp_ml_images/ACCDAH800.jpg,1000x1000 px,Fondo blanco puro verificado
MLM3427189557,GABSAX110,Fuentes de alimentacion para...,Saxxon Psu1201e - Fuente De Poder Regulada De 12 Vcc 1 Amper,https://raw.githubusercontent.com/iaworldcenter-creator/pc-custom-lab/main/assets/temp_ml_images/GABSAX110.jpg,https://iaworldcenter-creator.github.io/pc-custom-lab/assets/temp_ml_images/GABSAX110.jpg,1000x1000 px,Fondo blanco puro verificado
MLM3427189567,GABSAX060,Fuentes de alimentacion para...,Saxxon Energia Psu1208a - Fuente De Poder Regulable Metálica,https://raw.githubusercontent.com/iaworldcenter-creator/pc-custom-lab/main/assets/temp_ml_images/GABSAX060.jpg,https://iaworldcenter-creator.github.io/pc-custom-lab/assets/temp_ml_images/GABSAX060.jpg,1000x1000 px,Fondo blanco puro verificado
MLM3427189713,GABGET180,Fuentes de alimentacion para...,Fuente De Poder Getttech Gfs-55020-01 Factor De Forma Atx 12,https://raw.githubusercontent.com/iaworldcenter-creator/pc-custom-lab/main/assets/temp_ml_images/GABGET180.jpg,https://iaworldcenter-creator.github.io/pc-custom-lab/assets/temp_ml_images/GABGET180.jpg,1000x1000 px,Fondo blanco puro verificado
MLM3427189809,IMPSMP1360,Fuentes de alimentacion para...,"Impresora Móvil De Etiquetas Térmica Directa, Bluetooth, 4 P",https://raw.githubusercontent.com/iaworldcenter-creator/pc-custom-lab/main/assets/temp_ml_images/IMPSMP1360.jpg,https://iaworldcenter-creator.github.io/pc-custom-lab/assets/temp_ml_images/IMPSMP1360.jpg,1000x1000 px,Fondo blanco puro verificado
MLM3427190331,GABEVO290,Fuentes de alimentacion para...,Fuente De Poder Evotec 500w (ev-500) Compatible Con Gabinete,https://raw.githubusercontent.com/iaworldcenter-creator/pc-custom-lab/main/assets/temp_ml_images/GABEVO290.jpg,https://iaworldcenter-creator.github.io/pc-custom-lab/assets/temp_ml_images/GABEVO290.jpg,1000x1000 px,Fondo blanco puro verificado
MLM3427190333,ACCDAH580,Fuentes de alimentacion para...,"Fuente De Poder Regulada En Gabinete, 12v A 20 A, Distribuid",https://raw.githubusercontent.com/iaworldcenter-creator/pc-custom-lab/main/assets/temp_ml_images/ACCDAH580.jpg,https://iaworldcenter-creator.github.io/pc-custom-lab/assets/temp_ml_images/ACCDAH580.jpg,1000x1000 px,Fondo blanco puro verificado
MLM3427202373,ACCDAH540,Fuentes de alimentacion para...,Bolsa 10 Conectores Alimentacion Psubr12h Bolsa De 10 Conect,https://raw.githubusercontent.com/iaworldcenter-creator/pc-custom-lab/main/assets/temp_ml_images/ACCDAH540.jpg,https://iaworldcenter-creator.github.io/pc-custom-lab/assets/temp_ml_images/ACCDAH540.jpg,1000x1000 px,Fondo blanco puro verificado
MLM3427202429,GABACT360,Fuentes de alimentacion para...,Fuente De Poder Acteck Blazar Evo Ft700e Advanced Series Atx,https://raw.githubusercontent.com/iaworldcenter-creator/pc-custom-lab/main/assets/temp_ml_images/GABACT360.jpg,https://iaworldcenter-creator.github.io/pc-custom-lab/assets/temp_ml_images/GABACT360.jpg,1000x1000 px,Fondo blanco puro verificado
MLM3427202431,ACCZBR2430,Fuentes de alimentacion para...,"Zebra Fuente Pwr-bua5v16w0ww Power Supply Adaptor, Power- Br",https://raw.githubusercontent.com/iaworldcenter-creator/pc-custom-lab/main/assets/temp_ml_images/ACCZBR2430.jpg,https://iaworldcenter-creator.github.io/pc-custom-lab/assets/temp_ml_images/ACCZBR2430.jpg,1000x1000 px,Fondo blanco puro verificado
MLM3427202445,GABBLR550,Fuentes de alimentacion para...,Fuente De Poder 1250w 80 Plus Platino Balam Rush Magnetar 12,https://raw.githubusercontent.com/iaworldcenter-creator/pc-custom-lab/main/assets/temp_ml_images/GABBLR550.jpg,https://iaworldcenter-creator.github.io/pc-custom-lab/assets/temp_ml_images/GABBLR550.jpg,1000x1000 px,Fondo blanco puro verificado
MLM6137654166,ACCSAX030,Fuentes de alimentacion para...,Saxxon Psu1202e - Fuente De Poder Regulada De 12 Vcc 2 Amper,https://raw.githubusercontent.com/iaworldcenter-creator/pc-custom-lab/main/assets/temp_ml_images/ACCSAX030.jpg,https://iaworldcenter-creator.github.io/pc-custom-lab/assets/temp_ml_images/ACCSAX030.jpg,1000x1000 px,Fondo blanco puro verificado
MLM6137654200,ACCSAX170,Fuentes de alimentacion para...,Saxxon Psuwb07 - Divisor De Energía Para 4 Cámaras/ 1 Conect,https://raw.githubusercontent.com/iaworldcenter-creator/pc-custom-lab/main/assets/temp_ml_images/ACCSAX170.jpg,https://iaworldcenter-creator.github.io/pc-custom-lab/assets/temp_ml_images/ACCSAX170.jpg,1000x1000 px,Fondo blanco puro verificado
MLM6137654540,GABBLR520,Fuentes de alimentacion para...,Fuente De Poder 500w 80 Plus Bronce Balam Rush Gr Burst Gr50,https://raw.githubusercontent.com/iaworldcenter-creator/pc-custom-lab/main/assets/temp_ml_images/GABBLR520.jpg,https://iaworldcenter-creator.github.io/pc-custom-lab/assets/temp_ml_images/GABBLR520.jpg,1000x1000 px,Fondo blanco puro verificado
MLM6137654558,GABSAX040,Fuentes de alimentacion para...,Saxxon Psu1220-d9 - Fuente De Poder De 12 Vcd/ 20 Amperes/ P,https://raw.githubusercontent.com/iaworldcenter-creator/pc-custom-lab/main/assets/temp_ml_images/GABSAX040.jpg,https://iaworldcenter-creator.github.io/pc-custom-lab/assets/temp_ml_images/GABSAX040.jpg,1000x1000 px,Fondo blanco puro verificado
MLM6137654788,ACCDAH1940,Fuentes de alimentacion para...,Dahua Dh-pfm342-9ch - Fuente De Poder De 12 Vcc 10 Amper/ Co,https://raw.githubusercontent.com/iaworldcenter-creator/pc-custom-lab/main/assets/temp_ml_images/ACCDAH1940.jpg,https://iaworldcenter-creator.github.io/pc-custom-lab/assets/temp_ml_images/ACCDAH1940.jpg,1000x1000 px,Fondo blanco puro verificado
MLM6137654792,GABBLR490,Fuentes de alimentacion para...,Fuente De Poder 750w 80 Plus Bronce Balam Rush Gr Burst Gr75,https://raw.githubusercontent.com/iaworldcenter-creator/pc-custom-lab/main/assets/temp_ml_images/GABBLR490.jpg,https://iaworldcenter-creator.github.io/pc-custom-lab/assets/temp_ml_images/GABBLR490.jpg,1000x1000 px,Fondo blanco puro verificado
MLM6137655044,ACCDAH2120,Fuentes de alimentacion para...,Fuente De Poder 12v 1.5a Dh-pfm320d-015 Fuente De Poder De 1,https://raw.githubusercontent.com/iaworldcenter-creator/pc-custom-lab/main/assets/temp_ml_images/ACCDAH2120.jpg,https://iaworldcenter-creator.github.io/pc-custom-lab/assets/temp_ml_images/ACCDAH2120.jpg,1000x1000 px,Fondo blanco puro verificado
MLM6137655078,IMPSMP1400,Fuentes de alimentacion para...,"Impresora Móvil De Etiquetas Térmica Directa, Wifi, 2 Pulgad",https://raw.githubusercontent.com/iaworldcenter-creator/pc-custom-lab/main/assets/temp_ml_images/IMPSMP1400.jpg,https://iaworldcenter-creator.github.io/pc-custom-lab/assets/temp_ml_images/IMPSMP1400.jpg,1000x1000 px,Fondo blanco puro verificado
MLM3427189215,CPUYEY690,Tarjetas madre de computadoras,Yeyian Gaming Pc Hussar Negro Core Ultra 5 225 Modelo: Ypi-h,https://raw.githubusercontent.com/iaworldcenter-creator/pc-custom-lab/main/assets/temp_ml_images/CPUYEY690.jpg,https://iaworldcenter-creator.github.io/pc-custom-lab/assets/temp_ml_images/CPUYEY690.jpg,1000x1000 px,Fondo blanco puro verificado
MLM3427201893,ACCTPL1610,Tarjetas madre de computadoras,Adaptador Usb Tipo C A Hdmi (ua520c) Resolución Máxima: Sopo,https://raw.githubusercontent.com/iaworldcenter-creator/pc-custom-lab/main/assets/temp_ml_images/ACCTPL1610.jpg,https://iaworldcenter-creator.github.io/pc-custom-lab/assets/temp_ml_images/ACCTPL1610.jpg,1000x1000 px,Fondo blanco puro verificado
MLM6137654456,ACCKNS2390,Tarjetas madre de computadoras,Trackball Pro Fit® Ergo Tb550 K72196ww Kensington. Un Diseño,https://raw.githubusercontent.com/iaworldcenter-creator/pc-custom-lab/main/assets/temp_ml_images/ACCKNS2390.jpg,https://iaworldcenter-creator.github.io/pc-custom-lab/assets/temp_ml_images/ACCKNS2390.jpg,1000x1000 px,Fondo blanco puro verificado
